{
    "db_id": 4963,
    "content_handle": "receptiviti_web_ref_id_9626ed97-235b-4edc-994c-9b07881b5d1f",
    "content_source": "4",
    "content_date": "2020-07-20T11:58:06.544296",
    "content_tags": [],
    "user_id": 283,
    "user": {
        "name": "Jana Germies",
        "email": "Jana.Germies@ruhr-uni-bochum.de",
        "first_name": "Jana",
        "last_name": "Germies",
        "company_name": "Ruhr-Universität Bochum, Germany",
        "job_title": null,
        "has_twitter_api_access": false,
        "is_on_trial": false,
        "status": "active",
        "rate_limit": "50/month"
    },
    "language": "english",
    "organa_scores": {},
    "word_count": 9916,
    "receptiviti_scores": {
        "percentiles": {
            "openness": 50.973601630153375,
            "conscientiousness": 70.61899514848176,
            "extraversion": 78.72301456835895,
            "agreeableness": 32.265752686962,
            "neuroticism": 92.18524469721811,
            "artistic": 87.46902013306736,
            "adventurous": 40.28065445400098,
            "intellectual": 32.76230365583558,
            "liberal": 46.50183245582742,
            "imaginative": 44.377553876866315,
            "emotionally_aware": 48.02900085418091,
            "sociable": 88.82654319811238,
            "friendly": 55.30436828145949,
            "assertive": 37.63477417277143,
            "active": 87.6523413474048,
            "energetic": 67.37724897948563,
            "cheerful": 45.50552175136905,
            "self_assured": 35.212606060577336,
            "disciplined": 57.962975014805934,
            "ambitious": 44.759550124172584,
            "dutiful": 72.51492573605854,
            "cautious": 79.90206854577744,
            "organized": 64.30617753499472,
            "generous": 36.26014682038725,
            "trusting": 75.81533790550566,
            "cooperative": 91.25720487212244,
            "empathetic": 37.39389870790275,
            "genuine": 15.733828474079846,
            "humble": 58.506346343408254,
            "impulsive": 37.74719363616013,
            "stressed": 87.67351522042652,
            "anxious": 94.7748049429472,
            "aggressive": 55.79188921482587,
            "melancholy": 68.22500030154688,
            "self_conscious": 98.77159603383377,
            "thinking_style": 73.78424405435878,
            "power_driven": 45.53625716010677,
            "independent": 21.597179850853884,
            "cold": 24.713544883828217,
            "insecure": 82.95210842281443,
            "adjustment": 33.86372678049861,
            "happiness": 38.07410399924831,
            "persuasive": 99,
            "social_skills": 87.65174530014897,
            "type_a": 86.89975162223391,
            "depression": 82.90366604017521,
            "workhorse": 59.55718088481981,
            "family_oriented": 25.62681459393292,
            "reward_bias": 29.666341105015675,
            "friend_focus": 50.1320710365135,
            "body_focus": 99,
            "health_oriented": 95.35334850121114,
            "sexual_focus": 94.57853677989256,
            "food_focus": 51.08051695292186,
            "leisure_oriented": 61.905107789383926,
            "money_oriented": 43.143401352741556,
            "religion_oriented": 99,
            "work_oriented": 53.097031738264455,
            "netspeak_focus": 35.11248173772438
        },
        "raw_scores": {
            "openness": 0.9499561807732926,
            "conscientiousness": 1.0524034015862278,
            "extraversion": 1.4367937560883257,
            "agreeableness": -5.204667085194292,
            "neuroticism": 2.0085852968546485,
            "artistic": 4.638137620982945,
            "adventurous": 1.0604483309270574,
            "intellectual": 7.538546326157357,
            "liberal": 0.06176118429926225,
            "imaginative": -1.0260422625985228,
            "emotionally_aware": 1.44702929281795,
            "sociable": 5.119276857123322,
            "friendly": 2.7850125606195295,
            "assertive": 1.4143019455362889,
            "active": 0.4265665681415902,
            "energetic": 1.7440001653637693,
            "cheerful": 0.7667237551356036,
            "self_assured": 0.7650057893527706,
            "disciplined": 2.073808347489344,
            "ambitious": 3.7279307415155083,
            "dutiful": -0.6142159926946068,
            "cautious": 4.306598910350228,
            "organized": 0.684853215531243,
            "generous": -3.0140299885357944,
            "trusting": 1.371074596497194,
            "cooperative": 8.400997850436632,
            "empathetic": -1.9750909526424159,
            "genuine": -2.334794821857775,
            "humble": -0.6781234841838455,
            "impulsive": 1.5308071540103547,
            "stressed": 8.12309518338785,
            "anxious": 6.69881375042451,
            "aggressive": 3.6047261074659644,
            "melancholy": 1.232207336303134,
            "self_conscious": 6.125589046606194,
            "thinking_style": -0.5491618124292688,
            "power_driven": 5.277552802130394,
            "independent": -6.407894217427497,
            "cold": -2.115353670982493,
            "insecure": 2.327066044779619,
            "adjustment": 0.28107256692943927,
            "happiness": 4.66400139768731,
            "persuasive": 4.811852827457607,
            "social_skills": 2.7109378443306156,
            "type_a": 9.547268079687086,
            "depression": 2.2874591178877792,
            "workhorse": -2.090609597918815,
            "family_oriented": 2.3006887227417283,
            "reward_bias": 0.76643803,
            "friend_focus": 0.16135538,
            "body_focus": 1.7345704,
            "health_oriented": 1.2202501,
            "sexual_focus": 0.15127067,
            "food_focus": 0.29245664,
            "leisure_oriented": 0.9479628999999999,
            "money_oriented": 0.33279548,
            "religion_oriented": 0.9177088,
            "work_oriented": 1.1899959,
            "netspeak_focus": 0.3630496
        },
        "warnings": {}
    },
    "liwc_scores": {
        "wc": 9916,
        "analytic": 60.126205,
        "clout": 77.22026,
        "authentic": 75.716286,
        "tone": 84.95588,
        "wps": 18.02909,
        "sixLtr": 0.17234772,
        "dic": 0.89441305,
        "categories": {
            "function": 0.5425575,
            "pronoun": 0.1697257,
            "ppron": 0.114965715,
            "i": 0.052944735,
            "we": 0.018455023,
            "you": 0.035397336,
            "shehe": 0.0008067769,
            "they": 0.0073618395,
            "ipron": 0.054659136,
            "article": 0.056877773,
            "prep": 0.1506656,
            "auxverb": 0.0823921,
            "adverb": 0.049919322,
            "conj": 0.064643,
            "negate": 0.009983865,
            "verb": 0.16407825,
            "adj": 0.044171035,
            "compare": 0.024606695,
            "interrog": 0.017849939,
            "number": 0.008370311,
            "quant": 0.030354982,
            "affect": 0.06363453,
            "posemo": 0.048406616,
            "negemo": 0.014723679,
            "anx": 0.005143203,
            "anger": 0.0020169422,
            "sad": 0.004336426,
            "social": 0.10760387,
            "family": 0.000907624,
            "friend": 0.0016135538,
            "female": 0.0029245664,
            "male": 0.0006050827,
            "cogproc": 0.13019362,
            "insight": 0.032977007,
            "cause": 0.019060105,
            "discrep": 0.014320291,
            "tentat": 0.026018556,
            "certain": 0.028741429,
            "differ": 0.023598226,
            "percept": 0.036506657,
            "see": 0.012202501,
            "hear": 0.006958451,
            "feel": 0.0154296085,
            "bio": 0.040338848,
            "body": 0.017345704,
            "health": 0.012202501,
            "sexual": 0.0015127067,
            "ingest": 0.0029245664,