{
    "db_id": 4938,
    "content_handle": "receptiviti_web_ref_id_9e24388f-f646-443a-999c-bc997fc9231c",
    "content_source": "4",
    "content_date": "2020-07-20T11:09:16.286442",
    "content_tags": [],
    "user_id": 283,
    "user": {
        "name": "Jana Germies",
        "email": "Jana.Germies@ruhr-uni-bochum.de",
        "first_name": "Jana",
        "last_name": "Germies",
        "company_name": "Ruhr-Universität Bochum, Germany",
        "job_title": null,
        "has_twitter_api_access": false,
        "is_on_trial": false,
        "status": "active",
        "rate_limit": "50/month"
    },
    "language": "english",
    "organa_scores": {},
    "word_count": 9613,
    "receptiviti_scores": {
        "percentiles": {
            "openness": 58.81401827761105,
            "conscientiousness": 44.334414151935945,
            "extraversion": 72.254265532068,
            "agreeableness": 61.86022742745937,
            "neuroticism": 60.55973403239044,
            "artistic": 74.30043582851641,
            "adventurous": 63.69234979790174,
            "intellectual": 58.05953046645461,
            "liberal": 47.967563212008535,
            "imaginative": 44.51564240999715,
            "emotionally_aware": 38.41649536058828,
            "sociable": 43.73068775742828,
            "friendly": 50.59392897958368,
            "assertive": 53.25451127055733,
            "active": 86.74745663597226,
            "energetic": 48.871715842452694,
            "cheerful": 59.071521682394625,
            "self_assured": 39.80995402165958,
            "disciplined": 43.51636420565377,
            "ambitious": 38.076830427356064,
            "dutiful": 43.99835660844038,
            "cautious": 58.096291503343295,
            "organized": 54.3655776067067,
            "generous": 66.95701583738132,
            "trusting": 49.79021364416159,
            "cooperative": 65.62097234698075,
            "empathetic": 61.42608335442837,
            "genuine": 38.16347799600161,
            "humble": 68.9248791127603,
            "impulsive": 43.30030567872918,
            "stressed": 45.47752034240178,
            "anxious": 82.56924193717504,
            "aggressive": 44.85310677864637,
            "melancholy": 46.88838978184106,
            "self_conscious": 74.71432805219652,
            "thinking_style": 73.47601320717104,
            "power_driven": 32.91634897132691,
            "independent": 76.6542090284533,
            "cold": 81.02405252468448,
            "insecure": 55.48874095754165,
            "adjustment": 1,
            "happiness": 24.130755167523404,
            "persuasive": 75.42865364111307,
            "social_skills": 52.895927501522934,
            "type_a": 3.9283569693950007,
            "depression": 54.503066955773534,
            "workhorse": 28.04798441775343,
            "family_oriented": 28.712677069252244,
            "reward_bias": 43.79337007575758,
            "friend_focus": 36.37282613000228,
            "body_focus": 85.4838218022749,
            "health_oriented": 97.88875721875233,
            "sexual_focus": 38.59850307933812,
            "food_focus": 99,
            "leisure_oriented": 51.98094654773489,
            "money_oriented": 49.20041555236703,
            "religion_oriented": 73.47962963411742,
            "work_oriented": 48.30773626777893,
            "netspeak_focus": 26.216647049227944
        },
        "raw_scores": {
            "openness": 1.107221477000601,
            "conscientiousness": 0.34711498673513935,
            "extraversion": 1.2477145641894152,
            "agreeableness": -3.4130640686833496,
            "neuroticism": 1.2395050570662447,
            "artistic": 3.748718117841113,
            "adventurous": 2.139212881548372,
            "intellectual": 9.389748565088414,
            "liberal": 0.12838799120126437,
            "imaginative": -1.0216172673375452,
            "emotionally_aware": 1.0159089816587366,
            "sociable": 2.8145791733206416,
            "friendly": 2.5740605151070257,
            "assertive": 1.9889882295726629,
            "active": 0.3331366853030034,
            "energetic": 0.8052354619106941,
            "cheerful": 1.6246530997474684,
            "self_assured": 0.9857639822525752,
            "disciplined": 1.3179454740889798,
            "ambitious": 3.242356879334105,
            "dutiful": -2.4404370301007194,
            "cautious": 2.6853261379063675,
            "organized": 0.22025741787671715,
            "generous": -1.9197226167313832,
            "trusting": 0.12451405699340246,
            "cooperative": 5.187030446493078,
            "empathetic": -1.3236578504144907,
            "genuine": -1.5149436902427638,
            "humble": -0.139383780911999,
            "impulsive": 1.8209174235271037,
            "stressed": 4.575636269121873,
            "anxious": 4.939224079495702,
            "aggressive": 2.7086902894774054,
            "melancholy": 0.10079219579050869,
            "self_conscious": 3.1595357115489833,
            "thinking_style": -0.5605632714667435,
            "power_driven": 4.731625857038462,
            "independent": -3.5825915275479643,
            "cold": 0.3480094407628142,
            "insecure": 0.9849223459746544,
            "adjustment": -4.429108144617972,
            "happiness": 3.8338194322810795,
            "persuasive": 0.46575237865017216,
            "social_skills": 1.5635248842277436,
            "type_a": 4.674309712582103,
            "depression": 1.0501318569764653,
            "workhorse": -3.861936565522371,
            "family_oriented": 2.454519416488374,
            "reward_bias": 1.1650889700000002,
            "friend_focus": 0.0520129,
            "body_focus": 0.5097264,
            "health_oriented": 1.4043483,
            "sexual_focus": 0,
            "food_focus": 2.5,
            "leisure_oriented": 0.69697285,
            "money_oriented": 0.45771350000000005,
            "religion_oriented": 0.24966191999999998,
            "work_oriented": 1.0194528,
            "netspeak_focus": 0.08322064
        },
        "warnings": {}
    },
    "liwc_scores": {
        "wc": 9613,
        "analytic": 61.17665,
        "clout": 54.795,
        "authentic": 24.13419,
        "tone": 76.36179,
        "wps": 14.136765,
        "sixLtr": 0.21866223,
        "dic": 0.786227,
        "categories": {
            "function": 0.4406533,
            "pronoun": 0.09955269,
            "ppron": 0.05700614,
            "i": 0.019348798,
            "we": 0.0028086966,
            "you": 0.02819099,
            "shehe": 0.001560387,
            "they": 0.005097264,
            "ipron": 0.042442527,
            "article": 0.04525122,
            "prep": 0.11380422,
            "auxverb": 0.066888586,
            "adverb": 0.046083428,
            "conj": 0.091750756,
            "negate": 0.020076979,
            "verb": 0.12930407,
            "adj": 0.054093417,
            "compare": 0.025382295,
            "interrog": 0.01560387,
            "number": 0.015915947,
            "quant": 0.035784874,
            "affect": 0.047123685,
            "posemo": 0.036409028,
            "negemo": 0.009050244,
            "anx": 0.0033288256,
            "anger": 0.0012483096,
            "sad": 0.0016644128,
            "social": 0.06782482,
            "family": 0.0003120774,
            "friend": 0.000520129,
            "female": 0.0011442838,
            "male": 0.0008322064,
            "cogproc": 0.1322168,
            "insight": 0.018516593,
            "cause": 0.023613857,
            "discrep": 0.014667638,
            "tentat": 0.03880162,
            "certain": 0.014147509,
            "differ": 0.04733174,
            "percept": 0.029335275,
            "see": 0.007281806,
            "hear": 0.0017684386,
            "feel": 0.008218038,
            "bio": 0.10132113,
            "body": 0.005097264,
            "health": 0.014043483,
            "sexual": 0,