{
    "db_id": 4955,
    "content_handle": "receptiviti_web_ref_id_d1cbf56f-f198-4f25-a37d-68d828b98969",
    "content_source": "4",
    "content_date": "2020-07-20T11:48:44.485235",
    "content_tags": [],
    "user_id": 283,
    "user": {
        "name": "Jana Germies",
        "email": "Jana.Germies@ruhr-uni-bochum.de",
        "first_name": "Jana",
        "last_name": "Germies",
        "company_name": "Ruhr-Universität Bochum, Germany",
        "job_title": null,
        "has_twitter_api_access": false,
        "is_on_trial": false,
        "status": "active",
        "rate_limit": "50/month"
    },
    "language": "english",
    "organa_scores": {},
    "word_count": 10068,
    "receptiviti_scores": {
        "percentiles": {
            "openness": 72.35212052752742,
            "conscientiousness": 53.2755941612347,
            "extraversion": 68.23187687161705,
            "agreeableness": 48.08632515831513,
            "neuroticism": 50.3280293683533,
            "artistic": 79.54061424523286,
            "adventurous": 84.23942455497183,
            "intellectual": 22.38782054723622,
            "liberal": 57.90078555890456,
            "imaginative": 48.82747758159609,
            "emotionally_aware": 46.291760901376534,
            "sociable": 37.454107210348205,
            "friendly": 44.178319307788364,
            "assertive": 57.929777619657315,
            "active": 68.29823531392769,
            "energetic": 64.1858897013007,
            "cheerful": 69.4302694194334,
            "self_assured": 53.21373340094501,
            "disciplined": 37.55344563847031,
            "ambitious": 50.043333329593274,
            "dutiful": 55.31725204707652,
            "cautious": 36.7783751414429,
            "organized": 66.24206110418109,
            "generous": 55.11074529580302,
            "trusting": 49.78628799905398,
            "cooperative": 48.10911972983992,
            "empathetic": 47.819073132686746,
            "genuine": 47.07984729193147,
            "humble": 31.119470468544414,
            "impulsive": 59.13963116814502,
            "stressed": 34.593170261589556,
            "anxious": 86.78686635678339,
            "aggressive": 32.76206112424508,
            "melancholy": 43.0160619138777,
            "self_conscious": 44.51173587743846,
            "thinking_style": 88.14306141603714,
            "power_driven": 43.423712289674725,
            "independent": 92.0812410889213,
            "cold": 61.79820157277897,
            "insecure": 18.27114112415488,
            "adjustment": 4.886411397924513,
            "happiness": 43.53289225612412,
            "persuasive": 64.46792495317995,
            "social_skills": 66.3341463569701,
            "type_a": 2.2921224369865714,
            "depression": 20.537046950838484,
            "workhorse": 41.17104015603226,
            "family_oriented": 25.151785922811275,
            "reward_bias": 72.97573863636364,
            "friend_focus": 52.37388677852235,
            "body_focus": 89.87561020025937,
            "health_oriented": 95.91733090161244,
            "sexual_focus": 48.3844432684572,
            "food_focus": 99,
            "leisure_oriented": 86.19771311431398,
            "money_oriented": 76.00564975480333,
            "religion_oriented": 45.993236222010246,
            "work_oriented": 45.90211860074937,
            "netspeak_focus": 35.93168751680688
        },
        "raw_scores": {
            "openness": 1.400198196522361,
            "conscientiousness": 0.5784329118776368,
            "extraversion": 1.1410949612403356,
            "agreeableness": -4.234197188880253,
            "neuroticism": 1.0661495109777386,
            "artistic": 4.058787613251796,
            "adventurous": 3.3230872736838495,
            "intellectual": 6.648691338416212,
            "liberal": 0.5833723840065562,
            "imaginative": -0.8821643412018464,
            "emotionally_aware": 1.3705724504440544,
            "sociable": 2.5431740703340346,
            "friendly": 2.2873872247530618,
            "assertive": 2.16131328734207,
            "active": -1.0346682766602935,
            "energetic": 1.5723453899060302,
            "cheerful": 2.3213723182611217,
            "self_assured": 1.6013264726657548,
            "disciplined": 0.9983403904665737,
            "ambitious": 4.105887406401145,
            "dutiful": -1.746067045063708,
            "cautious": 1.2985734746121202,
            "organized": 0.7798687275749169,
            "generous": -2.3491551589870205,
            "trusting": 0.12434060923420187,
            "cooperative": 3.676930943078534,
            "empathetic": -1.6907971506804036,
            "genuine": -1.2498815662359566,
            "humble": -2.046216058420625,
            "impulsive": 2.630492892886839,
            "stressed": 3.7884190663257993,
            "anxious": 5.397324185944485,
            "aggressive": 1.677598667714561,
            "melancholy": -0.09964907595082528,
            "self_conscious": 1.6691143704258242,
            "thinking_style": 0.12394752575063706,
            "power_driven": 5.189370947311662,
            "independent": -2.307095924975858,
            "cold": -0.5652891391129168,
            "insecure": -0.7352918665919383,
            "adjustment": -2.1421618076674465,
            "happiness": 4.956305041931261,
            "persuasive": -0.26861171682775165,
            "social_skills": 1.9323733955808868,
            "type_a": 4.263144374083362,
            "depression": -0.332900805839786,
            "workhorse": -3.09186240823374,
            "family_oriented": 2.2763173767698324,
            "reward_bias": 1.9765594000000002,
            "friend_focus": 0.17878427,
            "body_focus": 0.5760826,
            "health_oriented": 1.2514899,
            "sexual_focus": 0.019864918,
            "food_focus": 2.5,
            "leisure_oriented": 1.7282479,
            "money_oriented": 1.0528407,
            "religion_oriented": 0.06952722,
            "work_oriented": 0.9336512,
            "netspeak_focus": 0.38736590000000004
        },
        "warnings": {}
    },
    "liwc_scores": {
        "wc": 10068,
        "analytic": 81.179886,
        "clout": 45.56756,
        "authentic": 35.01783,
        "tone": 91.31755,
        "wps": 23.305555,
        "sixLtr": 0.16736194,
        "dic": 0.68752486,
        "categories": {
            "function": 0.37455302,
            "pronoun": 0.08551847,
            "ppron": 0.05164879,
            "i": 0.03178387,
            "we": 0.00089392136,
            "you": 0.01579261,
            "shehe": 0.00079459674,
            "they": 0.0023837902,
            "ipron": 0.03377036,
            "article": 0.050953515,
            "prep": 0.11193882,
            "auxverb": 0.050953515,
            "adverb": 0.031684544,
            "conj": 0.067143425,
            "negate": 0.008740564,
            "verb": 0.105284065,
            "adj": 0.05681367,
            "compare": 0.017679777,
            "interrog": 0.008641239,
            "number": 0.062673815,
            "quant": 0.02224871,
            "affect": 0.053734604,
            "posemo": 0.046881206,
            "negemo": 0.0066547478,
            "anx": 0.00089392136,
            "anger": 0.0011918951,
            "sad": 0.0025824395,
            "social": 0.034962256,
            "family": 0.00029797378,
            "friend": 0.0017878427,
            "female": 0.0018871672,
            "male": 0.000496623,
            "cogproc": 0.07846643,
            "insight": 0.014600716,
            "cause": 0.016785856,
            "discrep": 0.010329758,
            "tentat": 0.020858165,
            "certain": 0.009535161,
            "differ": 0.021851411,
            "percept": 0.04350417,
            "see": 0.009833135,
            "hear": 0.0014898689,
            "feel": 0.0133094955,
            "bio": 0.07111641,
            "body": 0.005760826,
            "health": 0.012514899,