{
    "db_id": 4942,
    "content_handle": "receptiviti_web_ref_id_a412dfa9-848d-4e44-933e-4684bc7b251e",
    "content_source": "4",
    "content_date": "2020-07-20T11:17:03.347662",
    "content_tags": [],
    "user_id": 283,
    "user": {
        "name": "Jana Germies",
        "email": "Jana.Germies@ruhr-uni-bochum.de",
        "first_name": "Jana",
        "last_name": "Germies",
        "company_name": "Ruhr-Universität Bochum, Germany",
        "job_title": null,
        "has_twitter_api_access": false,
        "is_on_trial": false,
        "status": "active",
        "rate_limit": "50/month"
    },
    "language": "english",
    "organa_scores": {},
    "word_count": 9082,
    "receptiviti_scores": {
        "percentiles": {
            "openness": 69.51228908042526,
            "conscientiousness": 50.38504057436026,
            "extraversion": 39.59046161244932,
            "agreeableness": 71.75385644543255,
            "neuroticism": 34.47653135086484,
            "artistic": 72.54590943745072,
            "adventurous": 69.74347094687529,
            "intellectual": 45.87949662939691,
            "liberal": 55.470916506006375,
            "imaginative": 56.509469080250454,
            "emotionally_aware": 43.403871557907486,
            "sociable": 25.134523830358564,
            "friendly": 34.80367319746925,
            "assertive": 26.201238765926597,
            "active": 62.125384155503085,
            "energetic": 50.66507676656515,
            "cheerful": 44.13850569981031,
            "self_assured": 42.264509484180664,
            "disciplined": 40.28038601855503,
            "ambitious": 26.375263381141842,
            "dutiful": 59.95340785872436,
            "cautious": 46.27509990137182,
            "organized": 66.37815471494815,
            "generous": 78.30536103108848,
            "trusting": 36.36464961086846,
            "cooperative": 40.04442258551541,
            "empathetic": 65.09763226189263,
            "genuine": 57.7908809716671,
            "humble": 54.73778508203186,
            "impulsive": 29.473740693416143,
            "stressed": 24.731246094552343,
            "anxious": 57.56164346938291,
            "aggressive": 37.60363498209567,
            "melancholy": 48.71562318643358,
            "self_conscious": 46.3915447868692,
            "thinking_style": 98.69234577769765,
            "power_driven": 7.011430490175875,
            "independent": 99,
            "cold": 74.03747584804263,
            "insecure": 36.267136925233466,
            "adjustment": 3.070452589477882,
            "happiness": 12.512659289383887,
            "persuasive": 82.20054589731608,
            "social_skills": 48.02856570661876,
            "type_a": 1.549955284283517,
            "depression": 41.74400651852341,
            "workhorse": 60.37965668581821,
            "family_oriented": 13.093870329547649,
            "reward_bias": 30.172824675324676,
            "friend_focus": 47.789127916081554,
            "body_focus": 44.18635517338861,
            "health_oriented": 35.23113298402222,
            "sexual_focus": 49.465981434696914,
            "food_focus": 99,
            "leisure_oriented": 69.5849116562043,
            "money_oriented": 39.88294601537093,
            "religion_oriented": 40.21685256585798,
            "work_oriented": 38.11762846997783,
            "netspeak_focus": 39.673201575795076
        },
        "raw_scores": {
            "openness": 1.3343735771917682,
            "conscientiousness": 0.5039842472771368,
            "extraversion": 0.46343558067166124,
            "agreeableness": -2.76818847315951,
            "neuroticism": 0.7938802407973122,
            "artistic": 3.6539214566763913,
            "adventurous": 2.4411590157157113,
            "intellectual": 8.516593445462316,
            "liberal": 0.47128148729071545,
            "imaginative": -0.6347160193742792,
            "emotionally_aware": 1.2417145032960764,
            "sociable": 1.9566759467070223,
            "friendly": 1.8544047947393607,
            "assertive": 0.9471230054803019,
            "active": -1.3947497564758877,
            "energetic": 0.8931452970663171,
            "cheerful": 0.6798880300238235,
            "self_assured": 1.1000721256503423,
            "disciplined": 1.1458615425776701,
            "ambitious": 2.3088150581769407,
            "dutiful": -1.4587798199114834,
            "cautious": 1.9241980307693796,
            "organized": 0.7867638292526378,
            "generous": -1.4438074507629852,
            "trusting": -0.48216517888381993,
            "cooperative": 2.9888098968968815,
            "empathetic": -1.2197193669726358,
            "genuine": -0.9361460661463512,
            "humble": -0.8636411350869538,
            "impulsive": 1.0704717414642766,
            "stressed": 2.9894499394219465,
            "anxious": 3.0284685177673003,
            "aggressive": 2.103581263961472,
            "melancholy": 0.19440730161634845,
            "self_conscious": 1.758157795377695,
            "thinking_style": 1.4307781575411291,
            "power_driven": 3.0244374610273366,
            "independent": -0.3168803817395784,
            "cold": -0.022156918216740207,
            "insecure": 0.17811122853245953,
            "adjustment": -2.5615158503549593,
            "happiness": 2.9009504753843656,
            "persuasive": 1.0102541076291776,
            "social_skills": 1.4349048487974008,
            "type_a": 3.9706870329167723,
            "depression": 0.5746066824938179,
            "workhorse": -2.045564320188931,
            "family_oriented": 1.5276163481884626,
            "reward_bias": 0.78176608,
            "friend_focus": 0.14314028,
            "body_focus": 0.14314028,
            "health_oriented": 0.14314028,
            "sexual_focus": 0.02202158,
            "food_focus": 2.5,
            "leisure_oriented": 1.156133,
            "money_oriented": 0.26425899,
            "religion_oriented": 0.033032373,
            "work_oriented": 0.64963666,
            "netspeak_focus": 0.49548559999999997
        },
        "warnings": {}
    },
    "liwc_scores": {
        "wc": 9082,
        "analytic": 76.24178,
        "clout": 47.7538,
        "authentic": 12.938577,
        "tone": 69.95176,
        "wps": 33.637035,
        "sixLtr": 0.41147324,
        "dic": 0.5802687,
        "categories": {
            "function": 0.31589958,
            "pronoun": 0.084562875,
            "ppron": 0.04888791,
            "i": 0.031050429,
            "we": 0.002202158,
            "you": 0.01211187,
            "shehe": 0.0004404316,
            "they": 0.0030830214,
            "ipron": 0.035564855,
            "article": 0.03512442,
            "prep": 0.08566395,
            "auxverb": 0.047676723,
            "adverb": 0.038537767,
            "conj": 0.049218234,
            "negate": 0.005835719,
            "verb": 0.09205021,
            "adj": 0.029619027,
            "compare": 0.010680467,
            "interrog": 0.009138956,
            "number": 0.009138956,
            "quant": 0.019819424,
            "affect": 0.035785068,
            "posemo": 0.029619027,
            "negemo": 0.0061660428,
            "anx": 0.001211187,
            "anger": 0.0013212949,
            "sad": 0.0013212949,
            "social": 0.034463774,
            "family": 0.0002202158,
            "friend": 0.0014314028,
            "female": 0.0004404316,
            "male": 0.00066064746,
            "cogproc": 0.0737723,
            "insight": 0.0085884165,
            "cause": 0.014974675,
            "discrep": 0.010900683,
            "tentat": 0.019158775,
            "certain": 0.012001762,
            "differ": 0.017066725,
            "percept": 0.033032373,
            "see": 0.0066064745,
            "hear": 0.002312266,
            "feel": 0.012221977,
            "bio": 0.07762607,
            "body": 0.0014314028,
            "health": 0.0014314028,