{
    "db_id": 4939,
    "content_handle": "receptiviti_web_ref_id_e5b3af76-2a6f-4eff-ba57-72545ec84284",
    "content_source": "4",
    "content_date": "2020-07-20T11:11:12.115766",
    "content_tags": [],
    "user_id": 283,
    "user": {
        "name": "Jana Germies",
        "email": "Jana.Germies@ruhr-uni-bochum.de",
        "first_name": "Jana",
        "last_name": "Germies",
        "company_name": "Ruhr-Universität Bochum, Germany",
        "job_title": null,
        "has_twitter_api_access": false,
        "is_on_trial": false,
        "status": "active",
        "rate_limit": "50/month"
    },
    "language": "english",
    "organa_scores": {},
    "word_count": 9852,
    "receptiviti_scores": {
        "percentiles": {
            "openness": 70.24186747498672,
            "conscientiousness": 64.12094408801356,
            "extraversion": 72.95370345586734,
            "agreeableness": 46.087846500513,
            "neuroticism": 74.31827190129918,
            "artistic": 86.78417556392249,
            "adventurous": 70.711237840977,
            "intellectual": 35.3999197842388,
            "liberal": 65.96593610508137,
            "imaginative": 39.123242819508135,
            "emotionally_aware": 61.49670538916719,
            "sociable": 57.76500633082137,
            "friendly": 60.75494188227836,
            "assertive": 58.0233480498474,
            "active": 69.86215492678299,
            "energetic": 71.63345800124488,
            "cheerful": 57.221400788474284,
            "self_assured": 58.49521974818821,
            "disciplined": 40.516920892726255,
            "ambitious": 63.28809177101901,
            "dutiful": 57.15470794891073,
            "cautious": 57.51772006402376,
            "organized": 66.73876425750815,
            "generous": 56.27862486051063,
            "trusting": 68.72543728803028,
            "cooperative": 73.75836437190986,
            "empathetic": 55.27702475795684,
            "genuine": 24.31153911063564,
            "humble": 41.87549620874793,
            "impulsive": 56.28112887569263,
            "stressed": 54.41372071167199,
            "anxious": 98.02095785201891,
            "aggressive": 42.894607246500435,
            "melancholy": 43.29380847738561,
            "self_conscious": 76.44752531602337,
            "thinking_style": 59.61356024730594,
            "power_driven": 51.16250886041115,
            "independent": 52.24458359469104,
            "cold": 53.73735010418948,
            "insecure": 31.25320452299278,
            "adjustment": 3.076381962998325,
            "happiness": 60.60491619500223,
            "persuasive": 77.89516413561091,
            "social_skills": 79.6176010640242,
            "type_a": 31.274476748377936,
            "depression": 45.154142800363374,
            "workhorse": 39.14689476448854,
            "family_oriented": 29.534048152939114,
            "reward_bias": 64.9694195426487,
            "friend_focus": 66.67814752412285,
            "body_focus": 86.0726416160552,
            "health_oriented": 66.1299999376696,
            "sexual_focus": 58.67621892538818,
            "food_focus": 99,
            "leisure_oriented": 96.89273277769352,
            "money_oriented": 69.99291816782879,
            "religion_oriented": 47.87911099909607,
            "work_oriented": 71.24343277619774,
            "netspeak_focus": 33.50064751841782
        },
        "raw_scores": {
            "openness": 1.3507230943647108,
            "conscientiousness": 0.8662551912124052,
            "extraversion": 1.2669784023518973,
            "agreeableness": -4.35167860613258,
            "neuroticism": 1.4970550851196145,
            "artistic": 4.5792035075039275,
            "adventurous": 2.4914942840713423,
            "intellectual": 7.744829149049915,
            "liberal": 0.9682239651241076,
            "imaginative": -1.198102074267516,
            "emotionally_aware": 2.0476661345454805,
            "sociable": 3.406994895502536,
            "friendly": 3.031948896562055,
            "assertive": 2.1648418851553597,
            "active": -0.9407924254676843,
            "energetic": 1.9821192814053883,
            "cheerful": 1.5043892682004931,
            "self_assured": 1.8461295258659787,
            "disciplined": 1.158136608573364,
            "ambitious": 5.0668822186793925,
            "dutiful": -1.6337604434108401,
            "cautious": 2.646856587334577,
            "organized": 0.8050338968031532,
            "generous": -2.3087131830865646,
            "trusting": 0.9967919783031278,
            "cooperative": 5.973912494448465,
            "empathetic": -1.491088646794963,
            "genuine": -1.9749920826255232,
            "humble": -1.4906876002855949,
            "impulsive": 2.4818029137873725,
            "stressed": 5.2010091519820625,
            "anxious": 7.812020625934215,
            "aggressive": 2.5490843468257185,
            "melancholy": -0.08541921682598352,
            "self_conscious": 3.2627327789142404,
            "thinking_style": -1.0339630053767945,
            "power_driven": 5.510809685196175,
            "independent": -4.836234060717795,
            "cold": -0.8906549721423298,
            "insecure": -0.04921304076437727,
            "adjustment": -2.5600109866805743,
            "happiness": 5.854491323467861,
            "persuasive": 0.652939604556471,
            "social_skills": 2.3624429556882487,
            "type_a": 6.825259925082198,
            "depression": 0.7026953995323637,
            "workhorse": -3.202913763401214,
            "family_oriented": 2.4944166411003126,
            "reward_bias": 1.7356880899999998,
            "friend_focus": 0.29435647,
            "body_focus": 0.5176614,
            "health_oriented": 0.5582622700000001,
            "sexual_focus": 0.040600894,
            "food_focus": 2.5,
            "leisure_oriented": 2.5,
            "money_oriented": 0.9033699,
            "religion_oriented": 0.08120179000000001,
            "work_oriented": 1.8777912,
            "netspeak_focus": 0.31465692
        },
        "warnings": {}
    },
    "liwc_scores": {
        "wc": 9852,
        "analytic": 54.63389,
        "clout": 54.409134,
        "authentic": 59.629627,
        "tone": 90.62955,
        "wps": 21.278618,
        "sixLtr": 0.16138855,
        "dic": 0.84439707,
        "categories": {
            "function": 0.4911693,
            "pronoun": 0.14169712,
            "ppron": 0.088002436,
            "i": 0.050345108,
            "we": 0.0044660983,
            "you": 0.0273041,
            "shehe": 0.0016240358,
            "they": 0.0042630937,
            "ipron": 0.05369468,
            "article": 0.05318717,
            "prep": 0.1228177,
            "auxverb": 0.0772432,
            "adverb": 0.058363784,
            "conj": 0.07561916,
            "negate": 0.011774259,
            "verb": 0.1541819,
            "adj": 0.05501421,
            "compare": 0.021010961,
            "interrog": 0.01451482,
            "number": 0.022939505,
            "quant": 0.030349167,
            "affect": 0.05734876,
            "posemo": 0.047909055,
            "negemo": 0.008526187,
            "anx": 0.0023345514,
            "anger": 0.0012180269,
            "sad": 0.0028420626,
            "social": 0.07044255,
            "family": 0.0011165246,
            "friend": 0.0029435647,
            "female": 0.0028420626,
            "male": 0.0015225335,
            "cogproc": 0.118656114,
            "insight": 0.025477061,
            "cause": 0.022127487,
            "discrep": 0.015123833,
            "tentat": 0.02771011,
            "certain": 0.018067397,
            "differ": 0.028217621,
            "percept": 0.035931792,
            "see": 0.015326837,
            "hear": 0.0038570848,
            "feel": 0.0114697525,
            "bio": 0.04730004,
            "body": 0.005176614,
            "health": 0.0055826227,