{
    "db_id": 4948,
    "content_handle": "receptiviti_web_ref_id_d8d4205b-76e3-4903-883f-659c2a28128a",
    "content_source": "4",
    "content_date": "2020-07-20T11:39:40.845328",
    "content_tags": [],
    "user_id": 283,
    "user": {
        "name": "Jana Germies",
        "email": "Jana.Germies@ruhr-uni-bochum.de",
        "first_name": "Jana",
        "last_name": "Germies",
        "company_name": "Ruhr-Universität Bochum, Germany",
        "job_title": null,
        "has_twitter_api_access": false,
        "is_on_trial": false,
        "status": "active",
        "rate_limit": "50/month"
    },
    "language": "english",
    "organa_scores": {},
    "word_count": 9693,
    "receptiviti_scores": {
        "percentiles": {
            "openness": 87.53845377955037,
            "conscientiousness": 62.838140941480326,
            "extraversion": 68.5309357016479,
            "agreeableness": 77.11255859450087,
            "neuroticism": 41.661557129217165,
            "artistic": 92.94021484825902,
            "adventurous": 82.15829951719691,
            "intellectual": 9.575823192495541,
            "liberal": 74.12305782431038,
            "imaginative": 62.27390467150932,
            "emotionally_aware": 70.67774990412414,
            "sociable": 40.380637291819255,
            "friendly": 25.975532039467257,
            "assertive": 28.144491140619277,
            "active": 77.44786522312044,
            "energetic": 87.58436468725051,
            "cheerful": 62.64927813346539,
            "self_assured": 41.60685099227407,
            "disciplined": 13.751595064301537,
            "ambitious": 31.84812429749733,
            "dutiful": 82.95476987555642,
            "cautious": 29.428996119658905,
            "organized": 86.37382343720503,
            "generous": 83.23171532049169,
            "trusting": 45.013190365744315,
            "cooperative": 50.0961807932835,
            "empathetic": 67.35618935650942,
            "genuine": 65.80572616274712,
            "humble": 36.92345105136079,
            "impulsive": 44.623454973150935,
            "stressed": 23.547000980794984,
            "anxious": 88.72202333437322,
            "aggressive": 28.81391379330901,
            "melancholy": 34.57989485699188,
            "self_conscious": 53.494890535917754,
            "thinking_style": 98.86438701946324,
            "power_driven": 9.829016963060402,
            "independent": 84.12433317930953,
            "cold": 50.10961300346096,
            "insecure": 20.278678191683664,
            "adjustment": 49.43110618976814,
            "happiness": 33.3491995562549,
            "persuasive": 92.78726021258322,
            "social_skills": 63.372169784136716,
            "type_a": 1,
            "depression": 9.287117404738762,
            "workhorse": 77.81937080709412,
            "family_oriented": 13.410285020542345,
            "reward_bias": 58.528599504662004,
            "friend_focus": 41.423591144298484,
            "body_focus": 61.74080548674489,
            "health_oriented": 99,
            "sexual_focus": 43.63614717492885,
            "food_focus": 99,
            "leisure_oriented": 96.89273277769352,
            "money_oriented": 44.524174392891,
            "religion_oriented": 61.25815476431263,
            "work_oriented": 51.25837616516507,
            "netspeak_focus": 50.040234244952984
        },
        "raw_scores": {
            "openness": 1.8422117271046774,
            "conscientiousness": 0.8316025649570361,
            "extraversion": 1.1487824952724954,
            "agreeableness": -2.37526965464402,
            "neuroticism": 0.9197659997426871,
            "artistic": 5.216150628366248,
            "adventurous": 3.1730661062977132,
            "intellectual": 5.088973055126279,
            "liberal": 1.3968494306345858,
            "imaginative": -0.44416752871699455,
            "emotionally_aware": 2.490835233755076,
            "sociable": 2.6709222284763126,
            "friendly": 1.4041945021340527,
            "assertive": 1.0316782691884998,
            "active": -0.43991994855798766,
            "energetic": 3.1245311175173653,
            "cheerful": 1.8568660488793585,
            "self_assured": 1.0689575566135112,
            "disciplined": -0.6091077638134577,
            "ambitious": 2.761727184741708,
            "dutiful": 0.2478322480650036,
            "cautious": 0.7799549647539319,
            "organized": 2.0074277312775823,
            "generous": -1.19325418710174,
            "trusting": -0.08829437504363646,
            "cooperative": 3.8439913136325963,
            "empathetic": -1.1533050941481902,
            "genuine": -0.6915142445935363,
            "humble": -1.7395450827532657,
            "impulsive": 1.8878695717144214,
            "stressed": 2.882548820671018,
            "anxious": 5.643909563898977,
            "aggressive": 1.3135490240748866,
            "melancholy": -0.5520271699634623,
            "self_conscious": 2.087620915902616,
            "thinking_style": 1.4884766610395006,
            "power_driven": 3.3270836224203073,
            "independent": -3.0754525380776223,
            "cold": -1.033678507338552,
            "insecure": -0.614914547828891,
            "adjustment": 1.0651003649135253,
            "happiness": 4.399276937331436,
            "persuasive": 2.2564339203163337,
            "social_skills": 1.8481519700076452,
            "type_a": 3.260468935393943,
            "depression": -1.0739607880719704,
            "workhorse": -0.963249602000039,
            "family_oriented": 1.5517049986138887,
            "reward_bias": 1.557825228,
            "friend_focus": 0.09285051,
            "body_focus": 0.27855153,
            "health_oriented": 2.2903126,
            "sexual_focus": 0.010316724,
            "food_focus": 2.5,
            "leisure_oriented": 2.5,
            "money_oriented": 0.3610853,
            "religion_oriented": 0.16506758,
            "work_oriented": 1.1245228,
            "netspeak_focus": 0.7840710000000001
        },
        "warnings": {}
    },
    "liwc_scores": {
        "wc": 9693,
        "analytic": 90.366776,
        "clout": 62.701668,
        "authentic": 5.9202733,
        "tone": 76.3323,
        "wps": 23.699266,
        "sixLtr": 0.26307645,
        "dic": 0.57247496,
        "categories": {
            "function": 0.23831631,
            "pronoun": 0.05591664,
            "ppron": 0.043846074,
            "i": 0.02279996,
            "we": 0.0029918498,
            "you": 0.016300423,
            "shehe": 0.00041266895,
            "they": 0.001341174,
            "ipron": 0.012070566,
            "article": 0.019601775,
            "prep": 0.09553286,
            "auxverb": 0.019498607,
            "adverb": 0.01939544,
            "conj": 0.04209223,
            "negate": 0.00072217063,
            "verb": 0.07469308,
            "adj": 0.044671413,
            "compare": 0.010007221,
            "interrog": 0.005674198,
            "number": 0.05519447,
            "quant": 0.025172805,
            "affect": 0.032497678,
            "posemo": 0.029815331,
            "negemo": 0.0024760137,
            "anx": 0.0009285051,
            "anger": 0.00030950172,
            "sad": 0.0005158362,
            "social": 0.044465076,
            "family": 0.00030950172,
            "friend": 0.0009285051,
            "female": 0,
            "male": 0.0025791808,
            "cogproc": 0.052718457,
            "insight": 0.009285051,
            "cause": 0.013618075,
            "discrep": 0.0038171876,
            "tentat": 0.012173734,
            "certain": 0.01268957,
            "differ": 0.00784071,
            "percept": 0.070669554,
            "see": 0.0242443,
            "hear": 0.023315795,
            "feel": 0.0035076858,
            "bio": 0.10409574,
            "body": 0.0027855153,
            "health": 0.022903126,
            "sexual": 0.00010316724,