{
    "db_id": 4957,
    "content_handle": "receptiviti_web_ref_id_f5a02d7b-5e69-4e1e-b280-8a7cf283e49b",
    "content_source": "4",
    "content_date": "2020-07-20T11:51:05.059775",
    "content_tags": [],
    "user_id": 283,
    "user": {
        "name": "Jana Germies",
        "email": "Jana.Germies@ruhr-uni-bochum.de",
        "first_name": "Jana",
        "last_name": "Germies",
        "company_name": "Ruhr-Universität Bochum, Germany",
        "job_title": null,
        "has_twitter_api_access": false,
        "is_on_trial": false,
        "status": "active",
        "rate_limit": "50/month"
    },
    "language": "english",
    "organa_scores": {},
    "word_count": 9740,
    "receptiviti_scores": {
        "percentiles": {
            "openness": 62.61120954851413,
            "conscientiousness": 59.19789049231084,
            "extraversion": 72.10203699151779,
            "agreeableness": 49.800897725694334,
            "neuroticism": 78.59195058058462,
            "artistic": 82.90371511663147,
            "adventurous": 67.17151775534931,
            "intellectual": 23.90967772138501,
            "liberal": 45.92569741805636,
            "imaginative": 43.783233991686615,
            "emotionally_aware": 65.93607426586404,
            "sociable": 73.0966332867782,
            "friendly": 56.61657010887766,
            "assertive": 43.04148163755511,
            "active": 72.4433009559863,
            "energetic": 69.72439147554101,
            "cheerful": 56.581078250046545,
            "self_assured": 55.20694563915219,
            "disciplined": 51.39163133408484,
            "ambitious": 44.72098273176521,
            "dutiful": 59.30630138460389,
            "cautious": 50.25769336640665,
            "organized": 62.438765319150555,
            "generous": 50.830127423228525,
            "trusting": 82.0510895941703,
            "cooperative": 77.29050415547678,
            "empathetic": 44.83942544129864,
            "genuine": 38.70142730491432,
            "humble": 43.83135070908269,
            "impulsive": 51.519915429058955,
            "stressed": 62.10829400222286,
            "anxious": 98.25454905015594,
            "aggressive": 49.18017662275985,
            "melancholy": 46.34181063540541,
            "self_conscious": 80.22528176816085,
            "thinking_style": 54.1862159406501,
            "power_driven": 27.993009005921273,
            "independent": 25.51944230195818,
            "cold": 38.59709327642959,
            "insecure": 48.2847612735272,
            "adjustment": 6.319069834775544,
            "happiness": 64.62336411877389,
            "persuasive": 95.20552853053326,
            "social_skills": 94.06955096319967,
            "type_a": 59.80164249789994,
            "depression": 50.79173922803611,
            "workhorse": 48.82254414649265,
            "family_oriented": 36.04798226722197,
            "reward_bias": 39.805612252331,
            "friend_focus": 85.75357896438834,
            "body_focus": 97.56846132979457,
            "health_oriented": 99,
            "sexual_focus": 58.90134275195538,
            "food_focus": 99,
            "leisure_oriented": 84.70400671334595,
            "money_oriented": 55.88466344053102,
            "religion_oriented": 95.8385112600645,
            "work_oriented": 48.51108806776896,
            "netspeak_focus": 40.68357232649482
        },
        "raw_scores": {
            "openness": 1.1850045898130315,
            "conscientiousness": 0.7340573898363841,
            "extraversion": 1.2435219033840919,
            "agreeableness": -4.133405311813525,
            "neuroticism": 1.5901387774742015,
            "artistic": 4.282244991101885,
            "adventurous": 2.310808539175949,
            "intellectual": 6.791677016790067,
            "liberal": 0.035437072930569746,
            "imaginative": -1.0450870204491494,
            "emotionally_aware": 2.256028974470039,
            "sociable": 4.110625194885221,
            "friendly": 2.843283310339414,
            "assertive": 1.6172113244740758,
            "active": -0.7775244905030984,
            "energetic": 1.8728628700193621,
            "cheerful": 1.4637531728286073,
            "self_assured": 1.6938202963698505,
            "disciplined": 1.7287112299440832,
            "ambitious": 3.7251926880589394,
            "dutiful": -1.4981986666910927,
            "cautious": 2.1788181744178177,
            "organized": 0.595430307555253,
            "generous": -2.49877189101836,
            "trusting": 1.7544114447261352,
            "cooperative": 6.353374911551722,
            "empathetic": -1.7712256934141029,
            "genuine": -1.4986652763734525,
            "humble": -1.3940059693591635,
            "impulsive": 2.2388586326596407,
            "stressed": 5.75063184596429,
            "anxious": 7.974629356667972,
            "aggressive": 3.063815823777377,
            "melancholy": 0.07278916973638405,
            "self_conscious": 3.502694944674557,
            "thinking_style": -1.2047302893746392,
            "power_driven": 4.498786387205808,
            "independent": -6.1692942378895665,
            "cold": -1.494502981479834,
            "insecure": 0.6862892835011589,
            "adjustment": -1.8937385584094675,
            "happiness": 6.075397790572755,
            "persuasive": 2.7332764321317944,
            "social_skills": 3.1372513831291853,
            "type_a": 8.07043743659872,
            "depression": 0.9122547644759342,
            "workhorse": -2.6743176885223576,
            "family_oriented": 2.793574676958561,
            "reward_bias": 1.05749489,
            "friend_focus": 0.49281316,
            "body_focus": 0.7905544,
            "health_oriented": 2.412731,
            "sexual_focus": 0.041067763,
            "food_focus": 2.5,
            "leisure_oriented": 1.6632443000000001,
            "money_oriented": 0.59548253,
            "religion_oriented": 0.52361395,
            "work_oriented": 1.026694,
            "netspeak_focus": 0.52361395
        },
        "warnings": {}
    },
    "liwc_scores": {
        "wc": 9740,
        "analytic": 52.98328,
        "clout": 58.95767,
        "authentic": 72.50735,
        "tone": 93.9653,
        "wps": 15.338583,
        "sixLtr": 0.16365503,
        "dic": 0.84722793,
        "categories": {
            "function": 0.50451744,
            "pronoun": 0.1563655,
            "ppron": 0.105954826,
            "i": 0.064476386,
            "we": 0.010061602,
            "you": 0.027412731,
            "shehe": 0.0021560574,
            "they": 0.0018480492,
            "ipron": 0.050410677,
            "article": 0.047227927,
            "prep": 0.12956879,
            "auxverb": 0.08367556,
            "adverb": 0.04969199,
            "conj": 0.07227926,
            "negate": 0.009342915,
            "verb": 0.16057494,
            "adj": 0.052977413,
            "compare": 0.023613963,
            "interrog": 0.015195072,
            "number": 0.018069815,
            "quant": 0.028028747,
            "affect": 0.061293636,
            "posemo": 0.052669406,
            "negemo": 0.00862423,
            "anx": 0.0015400411,
            "anger": 0.0022587269,
            "sad": 0.0021560574,
            "social": 0.08151951,
            "family": 0.0019507187,
            "friend": 0.0049281316,
            "female": 0.0020533882,
            "male": 0.0056468174,
            "cogproc": 0.100718684,
            "insight": 0.021971252,
            "cause": 0.016940452,
            "discrep": 0.010882957,
            "tentat": 0.019096509,
            "certain": 0.022997947,
            "differ": 0.021457905,
            "percept": 0.03470226,
            "see": 0.009753593,
            "hear": 0.007905544,
            "feel": 0.01036961,
            "bio": 0.06057495,
            "body": 0.007905544,
            "health": 0.02412731,
            "sexual": 0.00041067763,