{
    "db_id": 4953,
    "content_handle": "receptiviti_web_ref_id_1de87eca-52ca-4b51-9aab-b136bf50ba38",
    "content_source": "4",
    "content_date": "2020-07-20T11:46:05.462679",
    "content_tags": [],
    "user_id": 283,
    "user": {
        "name": "Jana Germies",
        "email": "Jana.Germies@ruhr-uni-bochum.de",
        "first_name": "Jana",
        "last_name": "Germies",
        "company_name": "Ruhr-Universität Bochum, Germany",
        "job_title": null,
        "has_twitter_api_access": false,
        "is_on_trial": false,
        "status": "active",
        "rate_limit": "50/month"
    },
    "language": "english",
    "organa_scores": {},
    "word_count": 10167,
    "receptiviti_scores": {
        "percentiles": {
            "openness": 70.15327648135668,
            "conscientiousness": 66.42367340660867,
            "extraversion": 60.07841434970041,
            "agreeableness": 40.75853515470692,
            "neuroticism": 84.39424013563969,
            "artistic": 91.1350067334296,
            "adventurous": 64.7619754747161,
            "intellectual": 23.42866487514601,
            "liberal": 72.39099202933018,
            "imaginative": 41.55067892212121,
            "emotionally_aware": 56.15145893700793,
            "sociable": 21.848395743640403,
            "friendly": 51.01868257908493,
            "assertive": 38.8924801101258,
            "active": 55.136906962766815,
            "energetic": 85.68592528242044,
            "cheerful": 60.75042011970237,
            "self_assured": 54.7331998322914,
            "disciplined": 37.255148684452976,
            "ambitious": 51.08658070211733,
            "dutiful": 65.31102273352887,
            "cautious": 58.79476261715737,
            "organized": 72.8723489417671,
            "generous": 54.312539229265184,
            "trusting": 53.19102955514916,
            "cooperative": 79.12799565183805,
            "empathetic": 49.7925279039608,
            "genuine": 22.483774482678008,
            "humble": 34.97888319527383,
            "impulsive": 50.51388470968277,
            "stressed": 68.42276231582346,
            "anxious": 99,
            "aggressive": 35.08972529870422,
            "melancholy": 51.443563924058935,
            "self_conscious": 90.83267861440885,
            "thinking_style": 68.17492954871004,
            "power_driven": 32.53947323190859,
            "independent": 42.26754505457991,
            "cold": 3.1625057838048933,
            "insecure": 53.89951554264843,
            "adjustment": 10.209698482430246,
            "happiness": 55.69920226391491,
            "persuasive": 88.25783905462305,
            "social_skills": 82.7228954394197,
            "type_a": 35.21970586789619,
            "depression": 47.00703075822647,
            "workhorse": 53.72599620712095,
            "family_oriented": 85.65002843129841,
            "reward_bias": 57.674533071095574,
            "friend_focus": 73.33534780530634,
            "body_focus": 91.70183075608412,
            "health_oriented": 83.30072083478133,
            "sexual_focus": 88.29443446678,
            "food_focus": 99,
            "leisure_oriented": 96.26924019677308,
            "money_oriented": 59.864705242248746,
            "religion_oriented": 82.38413650374838,
            "work_oriented": 51.99580024558244,
            "netspeak_focus": 49.78382007018616
        },
        "raw_scores": {
            "openness": 1.3486909679919046,
            "conscientiousness": 0.9307451249547541,
            "extraversion": 0.9396226101335995,
            "agreeableness": -4.672018689553113,
            "neuroticism": 1.7361423050230513,
            "artistic": 4.9974709441539495,
            "adventurous": 2.1909301844096176,
            "intellectual": 6.746483585176163,
            "liberal": 1.3021455613686923,
            "imaginative": -1.1184861284630305,
            "emotionally_aware": 1.806263358333661,
            "sociable": 1.776877420100524,
            "friendly": 2.5929224844870378,
            "assertive": 1.4622605275807508,
            "active": -1.7784074832479495,
            "energetic": 2.9510935820344812,
            "cheerful": 1.731624657301867,
            "self_assured": 1.6717834155143159,
            "disciplined": 0.9816217395932796,
            "ambitious": 4.179951710366118,
            "dutiful": -1.1138457194545521,
            "cautious": 2.731767887377111,
            "organized": 1.1243735695871366,
            "generous": -2.3777481084593264,
            "trusting": 0.274773156592544,
            "cooperative": 6.5619499956943645,
            "empathetic": -1.6382340348384112,
            "genuine": -2.044828605290504,
            "humble": -1.839240017948715,
            "impulsive": 2.187952874640774,
            "stressed": 6.229857142972471,
            "anxious": 9.238790083863883,
            "aggressive": 1.8860512464453885,
            "melancholy": 0.3341685714122924,
            "self_conscious": 4.395106279731769,
            "thinking_style": -0.7509167322603347,
            "power_driven": 4.714183627224856,
            "independent": -5.305146827960582,
            "cold": -3.9710216892621584,
            "insecure": 0.9177575282456816,
            "adjustment": -1.3874564676352443,
            "happiness": 5.593725477836771,
            "persuasive": 1.625352073026363,
            "social_skills": 2.4839549186991983,
            "type_a": 7.009996110810536,
            "depression": 0.7724097865164681,
            "workhorse": -2.4106345539620713,
            "family_oriented": 5.14591507036715,
            "reward_bias": 1.53437598,
            "friend_focus": 0.35408675,
            "body_focus": 0.6098160499999999,
            "health_oriented": 0.8458739,
            "sexual_focus": 0.11802892,
            "food_focus": 2.5,
            "leisure_oriented": 2.4195927999999998,
            "money_oriented": 0.67866626,
            "religion_oriented": 0.32457951,
            "work_oriented": 1.1507819000000001,
            "netspeak_focus": 0.7770237
        },
        "warnings": {}
    },
    "liwc_scores": {
        "wc": 10167,
        "analytic": 64.09536,
        "clout": 56.136845,
        "authentic": 57.161804,
        "tone": 91.70311,
        "wps": 17.173986,
        "sixLtr": 0.17773187,
        "dic": 0.7960067,
        "categories": {
            "function": 0.4562801,
            "pronoun": 0.14399529,
            "ppron": 0.09973443,
            "i": 0.061965182,
            "we": 0.008360381,
            "you": 0.020556703,
            "shehe": 0.0044260845,
            "they": 0.0044260845,
            "ipron": 0.044260845,
            "article": 0.050063934,
            "prep": 0.121668145,
            "auxverb": 0.07091571,
            "adverb": 0.043178912,
            "conj": 0.058325958,
            "negate": 0.009835743,
            "verb": 0.13966756,
            "adj": 0.051440936,
            "compare": 0.017409265,
            "interrog": 0.01032753,
            "number": 0.024491,
            "quant": 0.021736993,
            "affect": 0.059899677,
            "posemo": 0.050063934,
            "negemo": 0.009343956,
            "anx": 0.0031474377,
            "anger": 0.0015737189,
            "sad": 0.0023605784,
            "social": 0.0767188,
            "family": 0.011212748,
            "friend": 0.0035408675,
            "female": 0.008753811,
            "male": 0.0024589358,
            "cogproc": 0.09393135,
            "insight": 0.02144192,
            "cause": 0.021540277,
            "discrep": 0.009639028,
            "tentat": 0.0145569,
            "certain": 0.016425692,
            "differ": 0.018097768,
            "percept": 0.03599882,
            "see": 0.016524049,
            "hear": 0.0040326547,
            "feel": 0.005409659,
            "bio": 0.057342384,
            "body": 0.0060981605,
            "health": 0.008458739,
            "sexual": 0.0011802892,