{
    "db_id": 4943,
    "content_handle": "receptiviti_web_ref_id_b38e79c0-6cc0-4ee8-84b8-e02abc23191c",
    "content_source": "4",
    "content_date": "2020-07-20T11:18:29.328917",
    "content_tags": [],
    "user_id": 283,
    "user": {
        "name": "Jana Germies",
        "email": "Jana.Germies@ruhr-uni-bochum.de",
        "first_name": "Jana",
        "last_name": "Germies",
        "company_name": "Ruhr-Universität Bochum, Germany",
        "job_title": null,
        "has_twitter_api_access": false,
        "is_on_trial": false,
        "status": "active",
        "rate_limit": "50/month"
    },
    "language": "english",
    "organa_scores": {},
    "word_count": 9683,
    "receptiviti_scores": {
        "percentiles": {
            "openness": 50.95611031773958,
            "conscientiousness": 63.083203135103496,
            "extraversion": 72.51681596215899,
            "agreeableness": 36.26758555852592,
            "neuroticism": 83.59303434441641,
            "artistic": 73.70234433887968,
            "adventurous": 57.32901805629692,
            "intellectual": 47.73504224667081,
            "liberal": 47.887467707956546,
            "imaginative": 36.26930164472128,
            "emotionally_aware": 50.346586911745455,
            "sociable": 47.060260485492826,
            "friendly": 52.63248814569923,
            "assertive": 43.00130135210822,
            "active": 83.55223250869828,
            "energetic": 50.7354432403405,
            "cheerful": 69.21640398654871,
            "self_assured": 63.50150787010937,
            "disciplined": 43.42791443536165,
            "ambitious": 63.05854110704658,
            "dutiful": 47.91510152419088,
            "cautious": 70.42661022161596,
            "organized": 61.6761794936198,
            "generous": 56.41693945760015,
            "trusting": 44.56674017648242,
            "cooperative": 58.89844588097017,
            "empathetic": 51.88898023990782,
            "genuine": 15.137233454415778,
            "humble": 38.23058981463402,
            "impulsive": 56.50300455653377,
            "stressed": 56.085507254451485,
            "anxious": 98.22833447196633,
            "aggressive": 44.46201922470583,
            "melancholy": 50.41791345083966,
            "self_conscious": 93.21980376302638,
            "thinking_style": 73.80089501446302,
            "power_driven": 66.34705901377146,
            "independent": 83.61549287641006,
            "cold": 59.27092230495385,
            "insecure": 55.817967394057625,
            "adjustment": 1,
            "happiness": 35.017364048102266,
            "persuasive": 79.9311687566274,
            "social_skills": 68.90680589905969,
            "type_a": 13.571199041226524,
            "depression": 41.97099293908931,
            "workhorse": 68.05240808328446,
            "family_oriented": 16.049276500899794,
            "reward_bias": 72.52253125,
            "friend_focus": 44.029616632167986,
            "body_focus": 96.56985908811009,
            "health_oriented": 98.07579484474512,
            "sexual_focus": 53.95958314888011,
            "food_focus": 99,
            "leisure_oriented": 63.95223991403211,
            "money_oriented": 47.022675156189045,
            "religion_oriented": 68.96293538874777,
            "work_oriented": 51.87103201487817,
            "netspeak_focus": 26.198405560073326
        },
        "raw_scores": {
            "openness": 0.9496103006962822,
            "conscientiousness": 0.8383335741659457,
            "extraversion": 1.2549456976791313,
            "agreeableness": -4.947148949986919,
            "neuroticism": 1.7141936852678086,
            "artistic": 3.716048759222397,
            "adventurous": 1.8397455556706839,
            "intellectual": 8.649010233401143,
            "liberal": 0.12474713993326314,
            "imaginative": -1.2944954729743443,
            "emotionally_aware": 1.5490274719440462,
            "sociable": 2.95570319712085,
            "friendly": 2.664586506212844,
            "assertive": 1.6157543792877145,
            "active": 0.03666457683569052,
            "energetic": 0.8965946334641952,
            "cheerful": 2.306378701230225,
            "self_assured": 2.082982694044799,
            "disciplined": 1.313355340091006,
            "ambitious": 5.0499336300478115,
            "dutiful": -2.1994097373480743,
            "cautious": 3.5340224304233088,
            "organized": 0.5587601415383212,
            "generous": -2.3039235491455203,
            "trusting": -0.10804330709743315,
            "cooperative": 4.593781197994925,
            "empathetic": -1.582394869636537,
            "genuine": -2.363957425687479,
            "humble": -1.6719239902844447,
            "impulsive": 2.4930299563633427,
            "stressed": 5.31915014114968,
            "anxious": 7.95638072692451,
            "aggressive": 2.6768874602328916,
            "melancholy": 0.2816211643052313,
            "self_conscious": 4.696096443764003,
            "thinking_style": -0.5485458934150129,
            "power_driven": 6.159827842475202,
            "independent": -3.1139169919896963,
            "cold": -0.6677628881271946,
            "insecure": 0.9984947058200255,
            "adjustment": -3.538748079566306,
            "happiness": 4.494406102600021,
            "persuasive": 0.8173331262525662,
            "social_skills": 2.0085138273885708,
            "type_a": 5.791365288620846,
            "depression": 0.5833293166633238,
            "workhorse": -1.601175565959944,
            "family_oriented": 1.742192104359566,
            "reward_bias": 1.96220179,
            "friend_focus": 0.11360115999999999,
            "body_focus": 0.7435712,
            "health_oriented": 1.4251782,
            "sexual_focus": 0.030982133,
            "food_focus": 2.5,
            "leisure_oriented": 1.0017556,
            "money_oriented": 0.4130951,
            "religion_oriented": 0.21687494999999998,
            "work_oriented": 1.146339,
            "netspeak_focus": 0.08261902
        },
        "warnings": {}
    },
    "liwc_scores": {
        "wc": 9683,
        "analytic": 66.777176,
        "clout": 49.793453,
        "authentic": 36.632942,
        "tone": 84.32248,
        "wps": 15.0124035,
        "sixLtr": 0.1835175,
        "dic": 0.7784777,
        "categories": {
            "function": 0.44283795,
            "pronoun": 0.11752556,
            "ppron": 0.07022617,
            "i": 0.034493443,
            "we": 0.003304761,
            "you": 0.026851183,
            "shehe": 0,
            "they": 0.0055767843,
            "ipron": 0.047299393,
            "article": 0.047402665,
            "prep": 0.123102345,
            "auxverb": 0.06475266,
            "adverb": 0.045543738,
            "conj": 0.07136218,
            "negate": 0.015594341,
            "verb": 0.12609728,
            "adj": 0.062480636,
            "compare": 0.02457916,
            "interrog": 0.011773211,
            "number": 0.02241041,
            "quant": 0.03087886,
            "affect": 0.057523496,
            "posemo": 0.044924095,
            "negemo": 0.011773211,
            "anx": 0.0054735104,
            "anger": 0.0011360116,
            "sad": 0.001962202,
            "social": 0.056077663,
            "family": 0.00010327378,
            "friend": 0.0011360116,
            "female": 0.00010327378,
            "male": 0.00010327378,
            "cogproc": 0.12093359,
            "insight": 0.02075803,
            "cause": 0.02075803,
            "discrep": 0.01394196,
            "tentat": 0.02871011,
            "certain": 0.01827946,
            "differ": 0.03635237,
            "percept": 0.03139523,
            "see": 0.0050604152,
            "hear": 0.001858928,
            "feel": 0.011876484,
            "bio": 0.07776515,
            "body": 0.007435712,
            "health": 0.014251782,
            "sexual": 0.00030982133,