{
    "db_id": 4935,
    "content_handle": "receptiviti_web_ref_id_60e00c2c-20ed-406d-bb5a-8e7f5a6d9cbf",
    "content_source": "4",
    "content_date": "2020-07-20T11:03:34.193226",
    "content_tags": [],
    "user_id": 283,
    "user": {
        "name": "Jana Germies",
        "email": "Jana.Germies@ruhr-uni-bochum.de",
        "first_name": "Jana",
        "last_name": "Germies",
        "company_name": "Ruhr-Universität Bochum, Germany",
        "job_title": null,
        "has_twitter_api_access": false,
        "is_on_trial": false,
        "status": "active",
        "rate_limit": "50/month"
    },
    "language": "english",
    "organa_scores": {},
    "word_count": 9632,
    "receptiviti_scores": {
        "percentiles": {
            "openness": 73.89403588813795,
            "conscientiousness": 57.306047192689526,
            "extraversion": 74.97069444743033,
            "agreeableness": 47.01227008759683,
            "neuroticism": 74.93148403990793,
            "artistic": 84.75872787448188,
            "adventurous": 70.19423609822985,
            "intellectual": 25.134421223668213,
            "liberal": 83.55006342026009,
            "imaginative": 49.3806277390372,
            "emotionally_aware": 35.81169069556215,
            "sociable": 28.278889432623743,
            "friendly": 42.77381082574845,
            "assertive": 39.30828075016927,
            "active": 76.64993518910302,
            "energetic": 96.19211508689598,
            "cheerful": 53.977247517332664,
            "self_assured": 18.67250477872236,
            "disciplined": 38.55094871860141,
            "ambitious": 48.430190897886476,
            "dutiful": 73.57816126250873,
            "cautious": 44.56881618189375,
            "organized": 71.22173502854297,
            "generous": 50.43269235059221,
            "trusting": 44.17914489904887,
            "cooperative": 74.70437681201557,
            "empathetic": 44.90045992534673,
            "genuine": 44.41796957095419,
            "humble": 41.58456422295577,
            "impulsive": 48.52723358322521,
            "stressed": 51.812017325073526,
            "anxious": 98.79601914920906,
            "aggressive": 41.80068445559453,
            "melancholy": 44.65602672964264,
            "self_conscious": 80.12409386676325,
            "thinking_style": 91.81478139530822,
            "power_driven": 37.60889775902252,
            "independent": 72.31021153593315,
            "cold": 8.129575227477769,
            "insecure": 41.48346767715226,
            "adjustment": 25.998287032018087,
            "happiness": 63.11629659751713,
            "persuasive": 92.26095901776262,
            "social_skills": 45.15454963270501,
            "type_a": 41.73297777110713,
            "depression": 33.13490163760971,
            "workhorse": 19.928781795827085,
            "family_oriented": 73.22721741612469,
            "reward_bias": 57.375392628205134,
            "friend_focus": 81.23284495300821,
            "body_focus": 98.70979272455207,
            "health_oriented": 93.21553204424893,
            "sexual_focus": 99,
            "food_focus": 99,
            "leisure_oriented": 96.18429383780615,
            "money_oriented": 56.7172797621873,
            "religion_oriented": 43.18677271475181,
            "work_oriented": 51.458372093186526,
            "netspeak_focus": 34.42381160197493
        },
        "raw_scores": {
            "openness": 1.4367867239733512,
            "conscientiousness": 0.6835861898113458,
            "extraversion": 1.3234212927329227,
            "agreeableness": -4.297335972685833,
            "neuroticism": 1.5097614109801978,
            "artistic": 4.417666104729578,
            "adventurous": 2.4643560529698147,
            "intellectual": 6.903134922814833,
            "liberal": 1.9953966925681998,
            "imaginative": -0.8644388518379551,
            "emotionally_aware": 0.8945926833412498,
            "sociable": 2.1161561698271623,
            "friendly": 2.224615653318083,
            "assertive": 1.4779406225235792,
            "active": -0.4963694593428883,
            "energetic": 4.342846788510752,
            "cheerful": 1.298259481613271,
            "self_assured": -0.1645809981936297,
            "disciplined": 1.0531037829718934,
            "ambitious": 3.9913639726045522,
            "dutiful": -0.5364949004467041,
            "cautious": 1.8125524371610586,
            "organized": 1.0347728158575562,
            "generous": -2.5125344913029,
            "trusting": -0.1251685261390989,
            "cooperative": 6.071723461698537,
            "empathetic": -1.7696000353538954,
            "genuine": -1.328496143421885,
            "humble": -1.5053079438512338,
            "impulsive": 2.0874271356513456,
            "stressed": 5.018543351483075,
            "anxious": 8.351560363655903,
            "aggressive": 2.456569427978679,
            "melancholy": -0.01562834855353601,
            "self_conscious": 3.495936684071526,
            "thinking_style": 0.3837490294665622,
            "power_driven": 4.941184218538266,
            "independent": -3.8351640518723844,
            "cold": -3.240607231441124,
            "insecure": 0.40175619319022604,
            "adjustment": -0.1625615196774095,
            "happiness": 5.992519367416797,
            "persuasive": 2.169891057044815,
            "social_skills": 1.3580653330059993,
            "type_a": 7.297678100684496,
            "depression": 0.23826276937084012,
            "workhorse": -4.427656852858334,
            "family_oriented": 4.409796344710591,
            "reward_bias": 1.5261627800000002,
            "friend_focus": 0.43604653,
            "body_focus": 0.8720931,
            "health_oriented": 1.1212625,
            "sexual_focus": 0.3322259,
            "food_focus": 2.5,
            "leisure_oriented": 2.4086379,
            "money_oriented": 0.6125415000000001,
            "religion_oriented": 0.051910295999999995,
            "work_oriented": 1.1316445,
            "netspeak_focus": 0.34260796
        },
        "warnings": {}
    },
    "liwc_scores": {
        "wc": 9632,
        "analytic": 76.7985,
        "clout": 63.12848,
        "authentic": 53.064793,
        "tone": 82.86762,
        "wps": 23.607843,
        "sixLtr": 0.18895349,
        "dic": 0.75477576,
        "categories": {
            "function": 0.42234218,
            "pronoun": 0.11970515,
            "ppron": 0.07911129,
            "i": 0.043916114,
            "we": 0.0123546515,
            "you": 0.01920681,
            "shehe": 0.001557309,
            "they": 0.0020764119,
            "ipron": 0.040593855,
            "article": 0.046926912,
            "prep": 0.13081396,
            "auxverb": 0.06218854,
            "adverb": 0.037790697,
            "conj": 0.053156145,
            "negate": 0.0073712626,
            "verb": 0.11877076,
            "adj": 0.047342192,
            "compare": 0.014327243,
            "interrog": 0.010278239,
            "number": 0.04194352,
            "quant": 0.027200997,
            "affect": 0.04910714,
            "posemo": 0.04007475,
            "negemo": 0.008098006,
            "anx": 0.0020764119,
            "anger": 0.0018687708,
            "sad": 0.0020764119,
            "social": 0.072674416,
            "family": 0.007890365,
            "friend": 0.0043604653,
            "female": 0.004671927,
            "male": 0.0028031562,
            "cogproc": 0.08388704,
            "insight": 0.018895349,
            "cause": 0.013081395,
            "discrep": 0.0097591365,
            "tentat": 0.025643688,
            "certain": 0.011108804,
            "differ": 0.018895349,
            "percept": 0.03322259,
            "see": 0.014119601,
            "hear": 0.0016611295,
            "feel": 0.011212625,
            "bio": 0.053156145,
            "body": 0.008720931,
            "health": 0.011212625,