{
    "db_id": 4952,
    "content_handle": "receptiviti_web_ref_id_9f77bfae-ab0a-4902-b40d-47768b47c8b2",
    "content_source": "4",
    "content_date": "2020-07-20T11:44:35.240547",
    "content_tags": [],
    "user_id": 283,
    "user": {
        "name": "Jana Germies",
        "email": "Jana.Germies@ruhr-uni-bochum.de",
        "first_name": "Jana",
        "last_name": "Germies",
        "company_name": "Ruhr-Universität Bochum, Germany",
        "job_title": null,
        "has_twitter_api_access": false,
        "is_on_trial": false,
        "status": "active",
        "rate_limit": "50/month"
    },
    "language": "english",
    "organa_scores": {},
    "word_count": 9885,
    "receptiviti_scores": {
        "percentiles": {
            "openness": 61.7061894491553,
            "conscientiousness": 60.064691644999705,
            "extraversion": 75.95456230248455,
            "agreeableness": 43.316996384332306,
            "neuroticism": 86.67864420955782,
            "artistic": 88.86119608762131,
            "adventurous": 50.93629051653937,
            "intellectual": 40.468547016464115,
            "liberal": 54.30171305265784,
            "imaginative": 46.34455924065588,
            "emotionally_aware": 47.85121014403797,
            "sociable": 87.65491666394213,
            "friendly": 52.15255763190295,
            "assertive": 43.61270287688561,
            "active": 82.82531922805485,
            "energetic": 64.26094347815305,
            "cheerful": 47.48210075714074,
            "self_assured": 28.891532694173563,
            "disciplined": 47.342843242596146,
            "ambitious": 41.49895717750089,
            "dutiful": 63.36004865497837,
            "cautious": 70.60801197415387,
            "organized": 66.59367261355457,
            "generous": 44.29347234198327,
            "trusting": 71.90045977772623,
            "cooperative": 87.21708085534004,
            "empathetic": 42.40061371385265,
            "genuine": 29.789895329033527,
            "humble": 55.25630734570587,
            "impulsive": 38.0232075738959,
            "stressed": 81.37926214817229,
            "anxious": 97.41264669115411,
            "aggressive": 42.73226593589123,
            "melancholy": 66.7495208375738,
            "self_conscious": 93.35452388609833,
            "thinking_style": 59.50799376519676,
            "power_driven": 38.037292258857796,
            "independent": 16.50360775386007,
            "cold": 36.20238465359794,
            "insecure": 79.55325227449198,
            "adjustment": 20.327837099083542,
            "happiness": 30.98535298579447,
            "persuasive": 96.71607035218808,
            "social_skills": 80.52718601936438,
            "type_a": 76.34395799543422,
            "depression": 87.14460593227693,
            "workhorse": 49.62263358799654,
            "family_oriented": 31.198959484762852,
            "reward_bias": 20.11234296085859,
            "friend_focus": 55.362073007713406,
            "body_focus": 99,
            "health_oriented": 80.42594758564192,
            "sexual_focus": 86.55857987706382,
            "food_focus": 56.0881345642113,
            "leisure_oriented": 66.93214175657428,
            "money_oriented": 45.1628641774755,
            "religion_oriented": 99,
            "work_oriented": 50.360903670327,
            "netspeak_focus": 30.180090426473328
        },
        "raw_scores": {
            "openness": 1.165909066340834,
            "conscientiousness": 0.7564492378370602,
            "extraversion": 1.352298467686189,
            "agreeableness": -4.516915624823562,
            "neuroticism": 1.8034248681462834,
            "artistic": 4.764924583909336,
            "adventurous": 1.5480604098656041,
            "intellectual": 8.123255568542156,
            "liberal": 0.41686407293056993,
            "imaginative": -0.9617285283428976,
            "emotionally_aware": 1.4392046303244368,
            "sociable": 5.018945760195097,
            "friendly": 2.64327430387627,
            "assertive": 1.6379239208564478,
            "active": -0.02529480554124275,
            "energetic": 1.5763188245154054,
            "cheerful": 0.8916881383616144,
            "self_assured": 0.4429363677224152,
            "disciplined": 1.5185978536407432,
            "ambitious": 3.492185604493878,
            "dutiful": -1.240638631681442,
            "cautious": 3.5474756505940244,
            "organized": 0.7976829151368648,
            "generous": -2.7265119203320154,
            "trusting": 1.1588588773690671,
            "cooperative": 7.65837418397829,
            "empathetic": -1.8368222146329265,
            "genuine": -1.7818653094108612,
            "humble": -0.8380789864557179,
            "impulsive": 1.5458439698502242,
            "stressed": 7.378891676978968,
            "anxious": 7.53737705685799,
            "aggressive": 2.53535486490854,
            "melancholy": 1.147542495065823,
            "self_conscious": 4.715841728779353,
            "thinking_style": -1.0372170921878099,
            "power_driven": 4.960241061832521,
            "independent": -6.75918857294173,
            "cold": -1.5942678244331774,
            "insecure": 2.118937268022942,
            "adjustment": -0.5279229293474802,
            "happiness": 4.261474137659874,
            "persuasive": 3.143910461636789,
            "social_skills": 2.3970544824088535,
            "type_a": 8.864039888019215,
            "depression": 2.5577006508273596,
            "workhorse": -2.6312928788054863,
            "family_oriented": 2.5723397825239105,
            "reward_bias": 0.44511883000000013,
            "friend_focus": 0.20232676,
            "body_focus": 1.3353566000000001,
            "health_oriented": 0.7890743,
            "sexual_focus": 0.11127972000000001,
            "food_focus": 0.39453716,
            "leisure_oriented": 1.0824482,
            "money_oriented": 0.3743045,
            "religion_oriented": 0.8295397,
            "work_oriented": 1.0925645,
            "netspeak_focus": 0.21244307999999998
        },
        "warnings": {}
    },
    "liwc_scores": {
        "wc": 9885,
        "analytic": 53.047184,
        "clout": 71.24817,
        "authentic": 59.534363,
        "tone": 91.42515,
        "wps": 16.585571,
        "sixLtr": 0.19767325,
        "dic": 0.8524026,
        "categories": {
            "function": 0.5320182,
            "pronoun": 0.16014163,
            "ppron": 0.109054126,
            "i": 0.050278198,
            "we": 0.01557916,
            "you": 0.033687405,
            "shehe": 0.0052604955,
            "they": 0.0042488617,
            "ipron": 0.051087506,
            "article": 0.055538695,
            "prep": 0.13141122,
            "auxverb": 0.08457258,
            "adverb": 0.0461305,
            "conj": 0.07627719,
            "negate": 0.014162873,
            "verb": 0.15032879,
            "adj": 0.041476984,
            "compare": 0.018209409,
            "interrog": 0.013859383,
            "number": 0.012139605,
            "quant": 0.021750126,
            "affect": 0.07030855,
            "posemo": 0.054324735,
            "negemo": 0.013960546,
            "anx": 0.0033383914,
            "anger": 0.0022255944,
            "sad": 0.0045523522,
            "social": 0.09994942,
            "family": 0.0006069803,
            "friend": 0.0020232676,
            "female": 0.0070814365,
            "male": 0.00040465352,
            "cogproc": 0.11158321,
            "insight": 0.031057157,
            "cause": 0.014567527,
            "discrep": 0.012341932,
            "tentat": 0.02245827,
            "certain": 0.017197775,
            "differ": 0.028528072,
            "percept": 0.03500253,
            "see": 0.012544259,
            "hear": 0.0063732928,
            "feel": 0.011734952,
            "bio": 0.02903389,
            "body": 0.013353566,
            "health": 0.007890743,