{
    "db_id": 4944,
    "content_handle": "receptiviti_web_ref_id_010c3736-f504-4c50-abe4-2513c3ed47a2",
    "content_source": "4",
    "content_date": "2020-07-20T11:19:45.706719",
    "content_tags": [],
    "user_id": 283,
    "user": {
        "name": "Jana Germies",
        "email": "Jana.Germies@ruhr-uni-bochum.de",
        "first_name": "Jana",
        "last_name": "Germies",
        "company_name": "Ruhr-Universität Bochum, Germany",
        "job_title": null,
        "has_twitter_api_access": false,
        "is_on_trial": false,
        "status": "active",
        "rate_limit": "50/month"
    },
    "language": "english",
    "organa_scores": {},
    "word_count": 7894,
    "receptiviti_scores": {
        "percentiles": {
            "openness": 69.85746802207716,
            "conscientiousness": 60.80007072993635,
            "extraversion": 69.04445161962371,
            "agreeableness": 43.89266627138337,
            "neuroticism": 64.39682923102818,
            "artistic": 87.32228572957406,
            "adventurous": 75.89870105883224,
            "intellectual": 28.95704349224043,
            "liberal": 76.52937500655366,
            "imaginative": 34.112331489019674,
            "emotionally_aware": 49.42720153895052,
            "sociable": 46.59953391397422,
            "friendly": 35.82296239783392,
            "assertive": 31.64147116209952,
            "active": 82.45978516598149,
            "energetic": 82.2657475879066,
            "cheerful": 50.502398218440774,
            "self_assured": 68.25523305294196,
            "disciplined": 36.695486211942104,
            "ambitious": 55.06712779334066,
            "dutiful": 57.63811563525434,
            "cautious": 49.91386030042237,
            "organized": 62.47839744410039,
            "generous": 44.0989300341578,
            "trusting": 69.36291283612407,
            "cooperative": 51.80058078294192,
            "empathetic": 40.81601687761138,
            "genuine": 50.00263259168012,
            "humble": 31.76811534320666,
            "impulsive": 46.40011753529477,
            "stressed": 40.81029402367733,
            "anxious": 96.10726136397705,
            "aggressive": 48.97744227383132,
            "melancholy": 41.0732735094356,
            "self_conscious": 65.31679972572354,
            "thinking_style": 80.08222403635958,
            "power_driven": 40.381471180427766,
            "independent": 60.20300107528586,
            "cold": 49.633088881669764,
            "insecure": 32.8535128837892,
            "adjustment": 8.42607253581102,
            "happiness": 55.65308171965456,
            "persuasive": 91.7171013451335,
            "social_skills": 81.0011793573015,
            "type_a": 49.15921283905674,
            "depression": 37.68850204090698,
            "workhorse": 59.317305324610906,
            "family_oriented": 33.574949257773305,
            "reward_bias": 52.88375984848484,
            "friend_focus": 74.73442592072996,
            "body_focus": 98.58088153693299,
            "health_oriented": 90.49001367684497,
            "sexual_focus": 69.30915608515458,
            "food_focus": 99,
            "leisure_oriented": 96.89273277769352,
            "money_oriented": 47.882274072990356,
            "religion_oriented": 55.186332043275506,
            "work_oriented": 56.992197415136104,
            "netspeak_focus": 34.404405059985294
        },
        "raw_scores": {
            "openness": 1.3420183655317226,
            "conscientiousness": 0.7761471637780164,
            "extraversion": 1.161982811394536,
            "agreeableness": -4.483074625853563,
            "neuroticism": 1.3071230027825753,
            "artistic": 4.6252620029735185,
            "adventurous": 2.7777227142829934,
            "intellectual": 7.232102450049695,
            "liberal": 1.5362270088338605,
            "imaginative": -1.3687991299233668,
            "emotionally_aware": 1.5085648390100204,
            "sociable": 2.936407104443329,
            "friendly": 1.9032892911767514,
            "assertive": 1.1776276893477964,
            "active": -0.05585625092828733,
            "energetic": 2.674982731117828,
            "cheerful": 1.080747206801207,
            "self_assured": 2.319733651412733,
            "disciplined": 0.9508864484871076,
            "ambitious": 4.465386430560427,
            "dutiful": -1.6031355165194783,
            "cautious": 2.1568358090519784,
            "organized": 0.5973665334740239,
            "generous": -2.733248638365665,
            "trusting": 1.0283376087946805,
            "cooperative": 3.9872872088031373,
            "empathetic": -1.880520288263555,
            "genuine": -1.1648394013885126,
            "humble": -2.011111963422235,
            "impulsive": 1.9797937873564366,
            "stressed": 4.2434712887380215,
            "anxious": 7.057654882043804,
            "aggressive": 3.0473296793935756,
            "melancholy": -0.20313293837161683,
            "self_conscious": 2.655665663982568,
            "thinking_style": -0.2921642394740708,
            "power_driven": 5.060352373242888,
            "independent": -4.458794921803474,
            "cold": -1.0524654708401695,
            "insecure": 0.024676396870314976,
            "adjustment": -1.5968687355340094,
            "happiness": 5.59132490350802,
            "persuasive": 2.0850476297810676,
            "social_skills": 2.4150921234847043,
            "type_a": 7.615455722771124,
            "depression": 0.4197793624444339,
            "workhorse": -2.103508906169049,
            "family_oriented": 2.682443148605215,
            "reward_bias": 1.40613126,
            "friend_focus": 0.36736762,
            "body_focus": 0.8614138,
            "health_oriented": 1.0260957,
            "sexual_focus": 0.06333924,
            "food_focus": 2.5,
            "leisure_oriented": 2.5,
            "money_oriented": 0.4307069,
            "religion_oriented": 0.12667848,
            "work_oriented": 1.3301241,
            "netspeak_focus": 0.34203192
        },
        "warnings": {}
    },
    "liwc_scores": {
        "wc": 7894,
        "analytic": 73.17514,
        "clout": 55.584526,
        "authentic": 62.531715,
        "tone": 82.31147,
        "wps": 27.601398,
        "sixLtr": 0.18951102,
        "dic": 0.79288065,
        "categories": {
            "function": 0.4575627,
            "pronoun": 0.12718521,
            "ppron": 0.08576134,
            "i": 0.050038002,
            "we": 0.0045604254,
            "you": 0.025462376,
            "shehe": 0.0007600709,
            "they": 0.004940461,
            "ipron": 0.041297186,
            "article": 0.05434507,
            "prep": 0.13161895,
            "auxverb": 0.06726628,
            "adverb": 0.038890295,
            "conj": 0.060172282,
            "negate": 0.01089435,
            "verb": 0.13389917,
            "adj": 0.050924752,
            "compare": 0.016721562,
            "interrog": 0.013807955,
            "number": 0.025335697,
            "quant": 0.019888522,
            "affect": 0.047124397,
            "posemo": 0.039016973,
            "negemo": 0.007474031,
            "anx": 0.0013934633,
            "anger": 0.002026856,
            "sad": 0.0008867494,
            "social": 0.0671396,
            "family": 0.0019001773,
            "friend": 0.0036736762,
            "female": 0.0016468203,
            "male": 0.0029136052,
            "cogproc": 0.08791487,
            "insight": 0.013807955,
            "cause": 0.017101597,
            "discrep": 0.011781099,
            "tentat": 0.017101597,
            "certain": 0.019128451,
            "differ": 0.021155307,
            "percept": 0.030022802,
            "see": 0.015834812,
            "hear": 0.0017734988,
            "feel": 0.0070939953,
            "bio": 0.06042564,
            "body": 0.008614138,
            "health": 0.010260957,
            "sexual": 0.0006333924,