{
    "db_id": 4950,
    "content_handle": "receptiviti_web_ref_id_0bb69a94-bd17-4822-a64b-15a08aeddf47",
    "content_source": "4",
    "content_date": "2020-07-20T11:41:54.336950",
    "content_tags": [],
    "user_id": 283,
    "user": {
        "name": "Jana Germies",
        "email": "Jana.Germies@ruhr-uni-bochum.de",
        "first_name": "Jana",
        "last_name": "Germies",
        "company_name": "Ruhr-Universität Bochum, Germany",
        "job_title": null,
        "has_twitter_api_access": false,
        "is_on_trial": false,
        "status": "active",
        "rate_limit": "50/month"
    },
    "language": "english",
    "organa_scores": {},
    "word_count": 9981,
    "receptiviti_scores": {
        "percentiles": {
            "openness": 61.283450755071236,
            "conscientiousness": 48.433430082365135,
            "extraversion": 53.844820235155986,
            "agreeableness": 45.1281561143286,
            "neuroticism": 56.08244663848905,
            "artistic": 72.23371502182485,
            "adventurous": 74.55225302762109,
            "intellectual": 13.57965530950738,
            "liberal": 37.127468194273895,
            "imaginative": 61.539387834629025,
            "emotionally_aware": 35.074339650061745,
            "sociable": 23.840681319784576,
            "friendly": 30.135754277453874,
            "assertive": 44.64665356826673,
            "active": 72.39914671055602,
            "energetic": 48.809030946141434,
            "cheerful": 59.917696234530844,
            "self_assured": 34.375753508731684,
            "disciplined": 40.712162804758236,
            "ambitious": 29.96289561924917,
            "dutiful": 56.80219032406986,
            "cautious": 46.621279315869884,
            "organized": 67.42148988215105,
            "generous": 49.698176698541246,
            "trusting": 28.05114973502352,
            "cooperative": 40.01731575081399,
            "empathetic": 44.422733140765835,
            "genuine": 50.84606317806933,
            "humble": 44.00205217625754,
            "impulsive": 47.41714368617754,
            "stressed": 28.014498024619343,
            "anxious": 85.10761049296302,
            "aggressive": 39.95330606198353,
            "melancholy": 51.8635341771258,
            "self_conscious": 64.14243322047543,
            "thinking_style": 94.29446025285803,
            "power_driven": 21.378633595122878,
            "independent": 96.87337723397285,
            "cold": 60.30496191224143,
            "insecure": 36.025579150318094,
            "adjustment": 6.860333670138717,
            "happiness": 24.42889387464897,
            "persuasive": 88.30252973252912,
            "social_skills": 56.15595421650472,
            "type_a": 1,
            "depression": 22.274608846769947,
            "workhorse": 63.13229156043714,
            "family_oriented": 40.690716046538924,
            "reward_bias": 70.00767045454545,
            "friend_focus": 47.41948388005458,
            "body_focus": 63.21779907732405,
            "health_oriented": 50.734931514189356,
            "sexual_focus": 48.471277765303284,
            "food_focus": 99,
            "leisure_oriented": 62.426256898669195,
            "money_oriented": 41.62556713514738,
            "religion_oriented": 46.0908759710775,
            "work_oriented": 34.21006905643963,
            "netspeak_focus": 25.82564127663253
        },
        "raw_scores": {
            "openness": 1.157215289444608,
            "conscientiousness": 0.4537188601868841,
            "extraversion": 0.7937256607645992,
            "agreeableness": -4.410144481886959,
            "neuroticism": 1.16297670067509,
            "artistic": 3.637149395500449,
            "adventurous": 2.7005445638513876,
            "intellectual": 5.680291593692005,
            "liberal": -0.3766276785973539,
            "imaginative": -0.46899742487414103,
            "emotionally_aware": 0.8595453801897363,
            "sociable": 1.8872730641340696,
            "friendly": 1.623670254216043,
            "assertive": 1.6754151797160652,
            "active": -0.7803642080989185,
            "energetic": 0.8021626733674747,
            "cheerful": 1.6776203900935336,
            "self_assured": 0.72389055985652,
            "disciplined": 1.1682687608139806,
            "ambitious": 2.6117211014478516,
            "dutiful": -1.6556112132046064,
            "cautious": 1.9463304058213384,
            "organized": 0.8396237836712134,
            "generous": -2.5379697032857296,
            "trusting": -0.8938583361640262,
            "cooperative": 2.9865309141655105,
            "empathetic": -1.7823243240907165,
            "genuine": -1.140298713103521,
            "humble": -1.3857575635093209,
            "impulsive": 2.031255920806795,
            "stressed": 3.2683073884980445,
            "anxious": 5.2041980797663845,
            "aggressive": 2.303586239908701,
            "melancholy": 0.3556850123802304,
            "self_conscious": 2.5968394003459316,
            "thinking_style": 0.615991254259656,
            "power_driven": 4.151815657338246,
            "independent": -1.4599056115424491,
            "cold": -0.626514951674277,
            "insecure": 0.1677546804907378,
            "adjustment": -1.8102588162517859,
            "happiness": 3.853682625504613,
            "persuasive": 1.6307342607479476,
            "social_skills": 1.6507280901711372,
            "type_a": 3.34592206190028,
            "depression": -0.24462222810764267,
            "workhorse": -1.8894694621909929,
            "family_oriented": 2.993863376425548,
            "reward_bias": 1.8835788999999998,
            "friend_focus": 0.1402665,
            "body_focus": 0.29055204,
            "health_oriented": 0.35066626,
            "sexual_focus": 0.020038072,
            "food_focus": 2.5,
            "leisure_oriented": 0.9618275000000001,
            "money_oriented": 0.3005711,
            "religion_oriented": 0.07013325,
            "work_oriented": 0.5009518000000001,
            "netspeak_focus": 0.07013325
        },
        "warnings": {}
    },
    "liwc_scores": {
        "wc": 9981,
        "analytic": 88.636246,
        "clout": 53.687004,
        "authentic": 23.73612,
        "tone": 67.074104,
        "wps": 16.17666,
        "sixLtr": 0.15339145,
        "dic": 0.66175735,
        "categories": {
            "function": 0.370003,
            "pronoun": 0.06542431,
            "ppron": 0.039875764,
            "i": 0.016831981,
            "we": 0.0019036168,
            "you": 0.014627793,
            "shehe": 0.00080152287,
            "they": 0.0057108505,
            "ipron": 0.025548542,
            "article": 0.04488528,
            "prep": 0.13655946,
            "auxverb": 0.036569484,
            "adverb": 0.027051399,
            "conj": 0.08265705,
            "negate": 0.00561066,
            "verb": 0.07824867,
            "adj": 0.04388338,
            "compare": 0.01913636,
            "interrog": 0.0031059012,
            "number": 0.0696323,
            "quant": 0.03606853,
            "affect": 0.036970243,
            "posemo": 0.029255586,
            "negemo": 0.0074140867,
            "anx": 0.00280533,
            "anger": 0.0010019037,
            "sad": 0.0023043784,
            "social": 0.03887386,
            "family": 0.0007013325,
            "friend": 0.001402665,
            "female": 0.0013024746,
            "male": 0.001102094,
            "cogproc": 0.07784791,
            "insight": 0.009518084,
            "cause": 0.015729887,
            "discrep": 0.0125237955,
            "tentat": 0.02514778,
            "certain": 0.011521892,
            "differ": 0.023745116,
            "percept": 0.038072336,
            "see": 0.007113516,
            "hear": 0.0013024746,
            "feel": 0.01122132,
            "bio": 0.07343954,
            "body": 0.0029055204,
            "health": 0.0035066626,