{
    "db_id": 4934,
    "content_handle": "receptiviti_web_ref_id_09269af3-3d1e-4c96-8254-47cd14c92ad1",
    "content_source": "4",
    "content_date": "2020-07-20T11:02:19.930056",
    "content_tags": [],
    "user_id": 283,
    "user": {
        "name": "Jana Germies",
        "email": "Jana.Germies@ruhr-uni-bochum.de",
        "first_name": "Jana",
        "last_name": "Germies",
        "company_name": "Ruhr-Universität Bochum, Germany",
        "job_title": null,
        "has_twitter_api_access": false,
        "is_on_trial": false,
        "status": "active",
        "rate_limit": "50/month"
    },
    "language": "english",
    "organa_scores": {},
    "word_count": 10032,
    "receptiviti_scores": {
        "percentiles": {
            "openness": 71.73109570816678,
            "conscientiousness": 70.72119616263532,
            "extraversion": 90.61447388024338,
            "agreeableness": 39.89114781563622,
            "neuroticism": 75.28682902377916,
            "artistic": 84.66187176704744,
            "adventurous": 74.78917549562453,
            "intellectual": 24.977414458214277,
            "liberal": 66.97452554777634,
            "imaginative": 55.68073230130457,
            "emotionally_aware": 25.738784533662212,
            "sociable": 54.43133062147343,
            "friendly": 56.309877124367446,
            "assertive": 60.684064984177546,
            "active": 89.77856589453505,
            "energetic": 95.28962045967025,
            "cheerful": 63.829189443071925,
            "self_assured": 20.967710710958464,
            "disciplined": 62.780727609643606,
            "ambitious": 49.528717594264684,
            "dutiful": 82.00057414026037,
            "cautious": 50.1674940522146,
            "organized": 75.11368870634419,
            "generous": 39.07420111905483,
            "trusting": 80.33425526482084,
            "cooperative": 88.1729942172722,
            "empathetic": 38.43990553809057,
            "genuine": 35.180015763346624,
            "humble": 35.934884435004506,
            "impulsive": 50.12751045417877,
            "stressed": 78.02631777629276,
            "anxious": 96.58605466000908,
            "aggressive": 35.89492955865717,
            "melancholy": 41.87881430935957,
            "self_conscious": 83.52467472168293,
            "thinking_style": 75.95131771356968,
            "power_driven": 53.256871936392336,
            "independent": 43.99376567899011,
            "cold": 1,
            "insecure": 43.011997275120045,
            "adjustment": 52.63311402831688,
            "happiness": 83.94289268947387,
            "persuasive": 99,
            "social_skills": 90.45126835878443,
            "type_a": 60.036969512649925,
            "depression": 24.491561104267014,
            "workhorse": 11.697174283321871,
            "family_oriented": 95.34787442625176,
            "reward_bias": 59.91394962121212,
            "friend_focus": 80.57669654051023,
            "body_focus": 99,
            "health_oriented": 98.147757340615,
            "sexual_focus": 99,
            "food_focus": 99,
            "leisure_oriented": 79.78030545495551,
            "money_oriented": 70.56941380092537,
            "religion_oriented": 52.47506601751797,
            "work_oriented": 59.308947133783455,
            "netspeak_focus": 28.831409065742978
        },
        "raw_scores": {
            "openness": 1.3854617302860261,
            "conscientiousness": 1.0554568394150767,
            "extraversion": 1.915720920650363,
            "agreeableness": -4.723264379796803,
            "neuroticism": 1.5173162109766496,
            "artistic": 4.410381326178187,
            "adventurous": 2.713838680139272,
            "intellectual": 6.889213123131835,
            "liberal": 1.0195104665964179,
            "imaginative": -0.6612725786793079,
            "emotionally_aware": 0.38756797203355897,
            "sociable": 3.2651400325791116,
            "friendly": 2.8296640409802167,
            "assertive": 2.2637287304648455,
            "active": 0.6663627485629944,
            "energetic": 4.146228795319772,
            "cheerful": 1.9345564549861503,
            "self_assured": -0.01363135183468911,
            "disciplined": 2.3333730192413333,
            "ambitious": 4.069352776887227,
            "dutiful": 0.15715668954879058,
            "cautious": 2.173051439113749,
            "organized": 1.2482617354839536,
            "generous": -2.9113003617523043,
            "trusting": 1.643141576858329,
            "cooperative": 7.817639912894518,
            "empathetic": -1.9454703213200442,
            "genuine": -1.6073418237929582,
            "humble": -1.7893498485397556,
            "impulsive": 2.168402105487718,
            "stressed": 7.0467832380441715,
            "anxious": 7.216952724883269,
            "aggressive": 1.9567678805966815,
            "melancholy": -0.16021164625640383,
            "self_conscious": 3.7343734610180235,
            "thinking_style": -0.465422808293395,
            "power_driven": 5.597353846326177,
            "independent": -5.2232079869331365,
            "cold": -4.958475115169964,
            "insecure": 0.4672705876668237,
            "adjustment": 1.2213818021421212,
            "happiness": 7.359752103179383,
            "persuasive": 4.2799974261000004,
            "social_skills": 2.8702164486588733,
            "type_a": 8.080448401593166,
            "depression": -0.13721912601258723,
            "workhorse": -5.172296662061882,
            "family_oriented": 6.167502610597346,
            "reward_bias": 1.59489627,
            "friend_focus": 0.42862839999999996,
            "body_focus": 1.0964912,
            "health_oriented": 1.4354067,
            "sexual_focus": 0.4784689,
            "food_focus": 2.3125997,
            "leisure_oriented": 1.4752790999999998,
            "money_oriented": 0.9170654,
            "religion_oriented": 0.10964912,
            "work_oriented": 1.4154705,
            "netspeak_focus": 0.16945774
        },
        "warnings": {}
    },
    "liwc_scores": {
        "wc": 10032,
        "analytic": 68.33727,
        "clout": 83.67153,
        "authentic": 51.81286,
        "tone": 96.393486,
        "wps": 20.431772,
        "sixLtr": 0.16985646,
        "dic": 0.84629184,
        "categories": {
            "function": 0.4857456,
            "pronoun": 0.13646331,
            "ppron": 0.09389952,
            "i": 0.03508772,
            "we": 0.016248006,
            "you": 0.031000797,
            "shehe": 0.0028907496,
            "they": 0.008672249,
            "ipron": 0.042563796,
            "article": 0.057017542,
            "prep": 0.13835725,
            "auxverb": 0.06608852,
            "adverb": 0.04595295,
            "conj": 0.076754384,
            "negate": 0.008273525,
            "verb": 0.13307416,
            "adj": 0.056718502,
            "compare": 0.019338118,
            "interrog": 0.014852472,
            "number": 0.020035885,
            "quant": 0.028708134,
            "affect": 0.064294256,
            "posemo": 0.056220096,
            "negemo": 0.0071770335,
            "anx": 0.0014952153,
            "anger": 0.0009968102,
            "sad": 0.0024920255,
            "social": 0.11911882,
            "family": 0.012559809,
            "friend": 0.004286284,
            "female": 0.0039872406,
            "male": 0.004286284,
            "cogproc": 0.091108456,
            "insight": 0.01754386,
            "cause": 0.014453748,
            "discrep": 0.011961723,
            "tentat": 0.021232057,
            "certain": 0.017145136,
            "differ": 0.024720892,
            "percept": 0.03129984,
            "see": 0.011463317,
            "hear": 0.004385965,
            "feel": 0.009170654,
            "bio": 0.052531898,
            "body": 0.010964912,
            "health": 0.014354067,
            "sexual": 0.004784689,
            "ingest": 0.023125997,