{
    "db_id": 4928,
    "content_handle": "receptiviti_web_ref_id_7900c967-d921-4784-baa6-75be5e441915",
    "content_source": "4",
    "content_date": "2020-07-20T10:47:41.840835",
    "content_tags": [],
    "user_id": 283,
    "user": {
        "name": "Jana Germies",
        "email": "Jana.Germies@ruhr-uni-bochum.de",
        "first_name": "Jana",
        "last_name": "Germies",
        "company_name": "Ruhr-Universität Bochum, Germany",
        "job_title": null,
        "has_twitter_api_access": false,
        "is_on_trial": false,
        "status": "active",
        "rate_limit": "50/month"
    },
    "language": "english",
    "organa_scores": {},
    "word_count": 9343,
    "receptiviti_scores": {
        "percentiles": {
            "openness": 66.7616295535408,
            "conscientiousness": 59.47004815645423,
            "extraversion": 49.76150780573499,
            "agreeableness": 58.605384318643715,
            "neuroticism": 54.83657184721125,
            "artistic": 78.15248964673536,
            "adventurous": 65.50308050812899,
            "intellectual": 34.820506374190145,
            "liberal": 74.61889164555677,
            "imaginative": 37.848953649355956,
            "emotionally_aware": 64.69362531133993,
            "sociable": 50.17622179340935,
            "friendly": 45.499019781202996,
            "assertive": 38.28371569688036,
            "active": 54.89587708854773,
            "energetic": 60.117283041040515,
            "cheerful": 45.59834149240977,
            "self_assured": 56.232126129132965,
            "disciplined": 23.564688061989315,
            "ambitious": 49.40968181099442,
            "dutiful": 64.45412314677081,
            "cautious": 38.83187552623615,
            "organized": 75.86011800184731,
            "generous": 54.80895682478537,
            "trusting": 53.79359736237647,
            "cooperative": 69.41190273717481,
            "empathetic": 54.695946173883776,
            "genuine": 52.79770351922459,
            "humble": 62.31699976279673,
            "impulsive": 36.5122895233794,
            "stressed": 37.51642993419415,
            "anxious": 92.15723711956815,
            "aggressive": 31.887201157625746,
            "melancholy": 46.14234229064341,
            "self_conscious": 68.64342764462668,
            "thinking_style": 79.05823107158507,
            "power_driven": 11.636965963813433,
            "independent": 70.76306468760102,
            "cold": 69.62337433587761,
            "insecure": 38.04406802903469,
            "adjustment": 1.7981173593773117,
            "happiness": 26.5492402203471,
            "persuasive": 66.39667313359945,
            "social_skills": 59.59369064587838,
            "type_a": 9.242840796779868,
            "depression": 75.4202177854284,
            "workhorse": 42.30791864401725,
            "family_oriented": 25.643015943360734,
            "reward_bias": 28.76290404040404,
            "friend_focus": 54.152272656944206,
            "body_focus": 90.58486538504444,
            "health_oriented": 75.78580095368807,
            "sexual_focus": 54.50480125193553,
            "food_focus": 99,
            "leisure_oriented": 96.89273277769352,
            "money_oriented": 59.651674376113206,
            "religion_oriented": 40.06776921778228,
            "work_oriented": 51.84023662407704,
            "netspeak_focus": 38.44003878893115
        },
        "raw_scores": {
            "openness": 1.2734538415390733,
            "conscientiousness": 0.7410670418104117,
            "extraversion": 0.7000072297088731,
            "agreeableness": -3.6097034805618016,
            "neuroticism": 1.1420483621294193,
            "artistic": 3.9723337292639136,
            "adventurous": 2.2271490679236443,
            "intellectual": 7.700288451842571,
            "liberal": 1.4247975526987469,
            "imaginative": -1.2407631665571275,
            "emotionally_aware": 2.196973677233787,
            "sociable": 3.0862054991238463,
            "friendly": 2.346921768433751,
            "assertive": 1.439303651428502,
            "active": -1.7915486122361162,
            "energetic": 1.3626009864689332,
            "cheerful": 0.7727663223193891,
            "self_assured": 1.7404572690002988,
            "disciplined": 0.16114691733014563,
            "ambitious": 4.060901950489738,
            "dutiful": -1.170220109846463,
            "cautious": 1.4376692362272467,
            "organized": 1.291481615923731,
            "generous": -2.359870278070882,
            "trusting": 0.3013965606612201,
            "cooperative": 5.54272113814537,
            "empathetic": -1.5068896583211484,
            "genuine": -1.0835132490361736,
            "humble": -0.4879450246447613,
            "impulsive": 1.4643084515469802,
            "stressed": 4.005650956452285,
            "anxious": 6.165027445546496,
            "aggressive": 1.5979188505661392,
            "melancholy": 0.06256975816210653,
            "self_conscious": 2.827207051951267,
            "thinking_style": -0.3376172391944816,
            "power_driven": 3.4894150157958452,
            "independent": -3.9213773886192183,
            "cold": -0.22828228282498841,
            "insecure": 0.25594437267683323,
            "adjustment": -3.0243477379816994,
            "happiness": 3.99057954416288,
            "persuasive": -0.14708454063234322,
            "social_skills": 1.7436842753173363,
            "type_a": 5.407596983453931,
            "depression": 1.8990466203796221,
            "workhorse": -3.0282813419146914,
            "family_oriented": 2.3015199329741223,
            "reward_bias": 0.7385208000000001,
            "friend_focus": 0.19265759999999998,
            "body_focus": 0.5886760000000001,
            "health_oriented": 0.7064112,
            "sexual_focus": 0.0321096,
            "food_focus": 2.5,
            "leisure_oriented": 2.5,
            "money_oriented": 0.6743016000000001,
            "religion_oriented": 0.0321096,
            "work_oriented": 1.1452423999999999,
            "netspeak_focus": 0.4602376
        },
        "warnings": {}
    },
    "liwc_scores": {
        "wc": 9343,
        "analytic": 65.44533,
        "clout": 38.121914,
        "authentic": 71.53333,
        "tone": 77.39755,
        "wps": 22.73236,
        "sixLtr": 0.18644975,
        "dic": 0.7840094,
        "categories": {
            "function": 0.47072676,
            "pronoun": 0.14706197,
            "ppron": 0.102215566,
            "i": 0.073852085,
            "we": 0.002354704,
            "you": 0.020229049,
            "shehe": 0,
            "they": 0.0057797283,
            "ipron": 0.044846408,
            "article": 0.058118377,
            "prep": 0.12415712,
            "auxverb": 0.0722466,
            "adverb": 0.038210426,
            "conj": 0.062934816,
            "negate": 0.01123836,
            "verb": 0.13271968,
            "adj": 0.043347962,
            "compare": 0.016804025,
            "interrog": 0.01658996,
            "number": 0.015626673,
            "quant": 0.024938457,
            "affect": 0.04120732,
            "posemo": 0.034464303,
            "negemo": 0.0064219204,
            "anx": 0.000963288,
            "anger": 0.000214064,
            "sad": 0.0026758001,
            "social": 0.06207856,
            "family": 0.00107032,
            "friend": 0.001926576,
            "female": 0.00074922404,
            "male": 0.0014984481,
            "cogproc": 0.097078025,
            "insight": 0.02033608,
            "cause": 0.016804025,
            "discrep": 0.012201648,
            "tentat": 0.022583753,
            "certain": 0.013271968,
            "differ": 0.029754898,
            "percept": 0.0294338,
            "see": 0.011024296,
            "hear": 0.0032109602,
            "feel": 0.006528952,
            "bio": 0.058439475,
            "body": 0.00588676,
            "health": 0.007064112,