{
    "db_id": 4961,
    "content_handle": "receptiviti_web_ref_id_d436808e-3dbf-44d1-8ef1-3198ae7e871e",
    "content_source": "4",
    "content_date": "2020-07-20T11:55:56.368345",
    "content_tags": [],
    "user_id": 283,
    "user": {
        "name": "Jana Germies",
        "email": "Jana.Germies@ruhr-uni-bochum.de",
        "first_name": "Jana",
        "last_name": "Germies",
        "company_name": "Ruhr-Universität Bochum, Germany",
        "job_title": null,
        "has_twitter_api_access": false,
        "is_on_trial": false,
        "status": "active",
        "rate_limit": "50/month"
    },
    "language": "english",
    "organa_scores": {},
    "word_count": 9633,
    "receptiviti_scores": {
        "percentiles": {
            "openness": 75.50388881829289,
            "conscientiousness": 52.89690488345798,
            "extraversion": 70.76195946973026,
            "agreeableness": 54.960090295683315,
            "neuroticism": 42.619374533039164,
            "artistic": 73.55799906583404,
            "adventurous": 85.41134708576672,
            "intellectual": 15.360684841646583,
            "liberal": 66.2493449441925,
            "imaginative": 55.79934804642758,
            "emotionally_aware": 46.09510765546542,
            "sociable": 30.395022066577656,
            "friendly": 41.77418476314549,
            "assertive": 44.23874658155634,
            "active": 75.57972922769298,
            "energetic": 77.1411356602394,
            "cheerful": 69.09827440782242,
            "self_assured": 58.661412472185106,
            "disciplined": 41.674210733368376,
            "ambitious": 42.92565794651816,
            "dutiful": 55.89381421997464,
            "cautious": 26.40725779327278,
            "organized": 70.47006810757405,
            "generous": 53.20753616826128,
            "trusting": 68.53148251196119,
            "cooperative": 34.75753026997921,
            "empathetic": 49.43892920097988,
            "genuine": 66.15231237039102,
            "humble": 26.153400635583246,
            "impulsive": 59.632870929583085,
            "stressed": 20.894504810925667,
            "anxious": 89.24302015979559,
            "aggressive": 44.66206670954759,
            "melancholy": 31.333153396358842,
            "self_conscious": 28.85468773228485,
            "thinking_style": 94.23717091389405,
            "power_driven": 22.787436708516978,
            "independent": 98.14321434131242,
            "cold": 65.95949254645282,
            "insecure": 16.9309376785918,
            "adjustment": 10.983535401898498,
            "happiness": 35.02765978089301,
            "persuasive": 90.10397181785174,
            "social_skills": 83.97288134130451,
            "type_a": 3.3145330086434632,
            "depression": 9.45522406821549,
            "workhorse": 45.025147015033355,
            "family_oriented": 31.99538589993056,
            "reward_bias": 63.0410494245338,
            "friend_focus": 46.73599652194158,
            "body_focus": 51.25130439150887,
            "health_oriented": 35.38659743835869,
            "sexual_focus": 77.38626624623964,
            "food_focus": 99,
            "leisure_oriented": 62.56080470459893,
            "money_oriented": 57.69954791756807,
            "religion_oriented": 39.91499674052389,
            "work_oriented": 39.637063499697064,
            "netspeak_focus": 31.709597020817526
        },
        "raw_scores": {
            "openness": 1.4765754637446846,
            "conscientiousness": 0.5686794476426111,
            "extraversion": 1.2068321798837451,
            "agreeableness": -3.8278624112870756,
            "neuroticism": 0.9364117595588851,
            "artistic": 3.7082940793536805,
            "adventurous": 3.4136686032711383,
            "intellectual": 5.903746173065308,
            "liberal": 0.9825906953620769,
            "imaginative": -0.6574715816077457,
            "emotionally_aware": 1.3619176378485522,
            "sociable": 2.2195104765924047,
            "friendly": 2.178449798915259,
            "assertive": 1.6606243907965492,
            "active": -0.571180143132191,
            "energetic": 2.318695181966086,
            "cheerful": 2.2980969062736825,
            "self_assured": 1.8539922921008207,
            "disciplined": 1.2195941355906639,
            "ambitious": 3.5975242866653145,
            "dutiful": -1.710945443192424,
            "cautious": 0.5492245871741085,
            "organized": 0.9949287439564206,
            "generous": -2.416445673420556,
            "trusting": 0.9871940796602021,
            "cooperative": 2.51914760172496,
            "empathetic": -1.647652162812211,
            "genuine": -0.6804458586714255,
            "humble": -2.3279122158938454,
            "impulsive": 2.6554511207594618,
            "stressed": 2.6348740073871904,
            "anxious": 5.715111136365327,
            "aggressive": 2.6931551116503645,
            "melancholy": -0.7371408250067182,
            "self_conscious": 0.891478688303436,
            "thinking_style": 0.609633856314822,
            "power_driven": 4.2296867245155205,
            "independent": -1.033454320337367,
            "cold": -0.3900007668645853,
            "insecure": -0.8207013507200848,
            "adjustment": -1.304364865579176,
            "happiness": 4.49498486692312,
            "persuasive": 1.8563191250785338,
            "social_skills": 2.5365114231103547,
            "type_a": 4.539372791290092,
            "depression": -1.0593015508034729,
            "workhorse": -2.8806196280372447,
            "family_oriented": 2.609246182602782,
            "reward_bias": 1.6817190530000001,
            "friend_focus": 0.13495276,
            "body_focus": 0.19723865999999998,
            "health_oriented": 0.14533375,
            "sexual_focus": 0.083047856,
            "food_focus": 2.5,
            "leisure_oriented": 0.9654313,
            "money_oriented": 0.6332399,
            "religion_oriented": 0.031142947,
            "work_oriented": 0.7059068,
            "netspeak_focus": 0.25952456
        },
        "warnings": {}
    },
    "liwc_scores": {
        "wc": 9633,
        "analytic": 87.30596,
        "clout": 54.066677,
        "authentic": 22.066612,
        "tone": 89.88495,
        "wps": 18.632496,
        "sixLtr": 0.16827571,
        "dic": 0.6571162,
        "categories": {
            "function": 0.37039343,
            "pronoun": 0.08252881,
            "ppron": 0.05169729,
            "i": 0.027301982,
            "we": 0.00062285893,
            "you": 0.019827675,
            "shehe": 0,
            "they": 0.003944773,
            "ipron": 0.030831516,
            "article": 0.05169729,
            "prep": 0.12602513,
            "auxverb": 0.038305823,
            "adverb": 0.030208658,
            "conj": 0.06799543,
            "negate": 0.003944773,
            "verb": 0.07785737,
            "adj": 0.05595349,
            "compare": 0.013806706,
            "interrog": 0.00581335,
            "number": 0.05875636,
            "quant": 0.026782934,
            "affect": 0.046714418,
            "posemo": 0.042562027,
            "negemo": 0.004048583,
            "anx": 0,
            "anger": 0.0019723866,
            "sad": 0.00083047856,
            "social": 0.039759163,
            "family": 0.0009342884,
            "friend": 0.0013495276,
            "female": 0.00062285893,
            "male": 0,
            "cogproc": 0.06924115,
            "insight": 0.006332399,
            "cause": 0.016817192,
            "discrep": 0.008616216,
            "tentat": 0.018062908,
            "certain": 0.015675282,
            "differ": 0.017855288,
            "percept": 0.048894424,
            "see": 0.007889546,
            "hear": 0.0014533375,
            "feel": 0.017232431,
            "bio": 0.061974462,
            "body": 0.0019723866,
            "health": 0.0014533375,
            "sexual": 0.00083047856,