{
    "db_id": 4940,
    "content_handle": "receptiviti_web_ref_id_0733d253-1916-4fda-b9a4-4cb4ef9da996",
    "content_source": "4",
    "content_date": "2020-07-20T11:13:08.659968",
    "content_tags": [],
    "user_id": 283,
    "user": {
        "name": "Jana Germies",
        "email": "Jana.Germies@ruhr-uni-bochum.de",
        "first_name": "Jana",
        "last_name": "Germies",
        "company_name": "Ruhr-Universität Bochum, Germany",
        "job_title": null,
        "has_twitter_api_access": false,
        "is_on_trial": false,
        "status": "active",
        "rate_limit": "50/month"
    },
    "language": "english",
    "organa_scores": {},
    "word_count": 9799,
    "receptiviti_scores": {
        "percentiles": {
            "openness": 62.57383214467557,
            "conscientiousness": 42.85003682626586,
            "extraversion": 64.06788949839303,
            "agreeableness": 47.16068657613997,
            "neuroticism": 71.76618660961454,
            "artistic": 81.98045013374485,
            "adventurous": 71.07872870851175,
            "intellectual": 34.89966937785177,
            "liberal": 45.436386279699,
            "imaginative": 46.73622360734574,
            "emotionally_aware": 40.79891540729807,
            "sociable": 51.09366344171746,
            "friendly": 53.50596211273599,
            "assertive": 48.4005088784972,
            "active": 53.31547136520325,
            "energetic": 70.21846156278798,
            "cheerful": 66.82874959202209,
            "self_assured": 40.08676966804561,
            "disciplined": 45.89085079624898,
            "ambitious": 47.00127379895422,
            "dutiful": 41.62621901743937,
            "cautious": 51.04096164634607,
            "organized": 51.151488074890395,
            "generous": 54.85608357909084,
            "trusting": 57.704390060754726,
            "cooperative": 58.499108686153285,
            "empathetic": 51.05026987064202,
            "genuine": 38.6630239962776,
            "humble": 33.7978761529716,
            "impulsive": 60.082948335509855,
            "stressed": 52.14138500529767,
            "anxious": 94.32917206857164,
            "aggressive": 54.16125869994078,
            "melancholy": 44.00444047420721,
            "self_conscious": 67.24088692903747,
            "thinking_style": 59.26259170333875,
            "power_driven": 45.76914007966639,
            "independent": 64.05496984897606,
            "cold": 42.96037696543468,
            "insecure": 36.932129051963535,
            "adjustment": 1,
            "happiness": 60.105685796706595,
            "persuasive": 79.65425278127819,
            "social_skills": 73.09227646954729,
            "type_a": 31.787593214394672,
            "depression": 39.30666769971946,
            "workhorse": 25.782281697505077,
            "family_oriented": 31.49951046259529,
            "reward_bias": 57.914832459207446,
            "friend_focus": 72.57296292997268,
            "body_focus": 83.11266523031199,
            "health_oriented": 52.014642506670995,
            "sexual_focus": 63.70301082534158,
            "food_focus": 99,
            "leisure_oriented": 74.33615464393726,
            "money_oriented": 57.675038261110714,
            "religion_oriented": 57.771648454798296,
            "work_oriented": 46.33138603830889,
            "netspeak_focus": 61.43613064808358
        },
        "raw_scores": {
            "openness": 1.184206345122566,
            "conscientiousness": 0.30872908983145053,
            "extraversion": 1.035830306620603,
            "agreeableness": -4.2886112463298165,
            "neuroticism": 1.4456666232497213,
            "artistic": 4.217834119658887,
            "adventurous": 2.5109269584126954,
            "intellectual": 7.706373874297361,
            "liberal": 0.01230506990984681,
            "imaginative": -0.9491777905864585,
            "emotionally_aware": 1.1235481735057768,
            "sociable": 3.1246296755580807,
            "friendly": 2.7033747336459504,
            "assertive": 1.812981132036084,
            "active": -1.8781704725969095,
            "energetic": 1.9004166381709604,
            "cheerful": 2.1389857050326007,
            "self_assured": 0.9987025531846552,
            "disciplined": 1.443019587586005,
            "ambitious": 3.889919432082956,
            "dutiful": -2.58828448109751,
            "cautious": 2.228895061176255,
            "organized": 0.07420313091734743,
            "generous": -2.358173069656365,
            "trusting": 0.4772003118379149,
            "cooperative": 4.558864326134141,
            "empathetic": -1.6047339832252097,
            "genuine": -1.4998273653316163,
            "humble": -1.9012630783491824,
            "impulsive": 2.678393196967632,
            "stressed": 5.041496960415319,
            "anxious": 6.596168652750808,
            "aggressive": 3.469396723683851,
            "melancholy": -0.04901123007482355,
            "self_conscious": 2.754349033771714,
            "thinking_style": -1.044781610744583,
            "power_driven": 5.287561020586769,
            "independent": -4.269843024882966,
            "cold": -1.3171766236632472,
            "insecure": 0.20662210097388461,
            "adjustment": -3.567275017941303,
            "happiness": 5.827466983547321,
            "persuasive": 0.7942449798918504,
            "social_skills": 2.1378670868493446,
            "type_a": 6.849554963515159,
            "depression": 0.4824226263648195,
            "workhorse": -4.008610674128664,
            "family_oriented": 2.5862673148366655,
            "reward_bias": 1.5409736399999998,
            "friend_focus": 0.3469742,
            "body_focus": 0.47964077,
            "health_oriented": 0.36738443,
            "sexual_focus": 0.051025615999999996,
            "food_focus": 2.5,
            "leisure_oriented": 1.2960506999999999,
            "money_oriented": 0.63271765,
            "religion_oriented": 0.14287172,
            "work_oriented": 0.9490765,
            "netspeak_focus": 1.1021533
        },
        "warnings": {}
    },
    "liwc_scores": {
        "wc": 9799,
        "analytic": 60.777004,
        "clout": 52.857433,
        "authentic": 40.949673,
        "tone": 89.47737,
        "wps": 14.368035,
        "sixLtr": 0.16256762,
        "dic": 0.78559035,
        "categories": {
            "function": 0.45841414,
            "pronoun": 0.11623635,
            "ppron": 0.0661292,
            "i": 0.034697417,
            "we": 0.008674354,
            "you": 0.016226146,
            "shehe": 0.001326666,
            "they": 0.005204613,
            "ipron": 0.050107155,
            "article": 0.05133177,
            "prep": 0.116848655,
            "auxverb": 0.080110215,
            "adverb": 0.0541892,
            "conj": 0.06919073,
            "negate": 0.015205633,
            "verb": 0.14419839,
            "adj": 0.062047146,
            "compare": 0.023982039,
            "interrog": 0.01081743,
            "number": 0.012858455,
            "quant": 0.028778447,
            "affect": 0.05878151,
            "posemo": 0.048066128,
            "negemo": 0.0100010205,
            "anx": 0.0016328197,
            "anger": 0.0028574343,
            "sad": 0.0016328197,
            "social": 0.061536893,
            "family": 0.002143076,
            "friend": 0.003469742,
            "female": 0.0040820492,
            "male": 0.0016328197,
            "cogproc": 0.09796918,
            "insight": 0.016124094,
            "cause": 0.013981018,
            "discrep": 0.010409226,
            "tentat": 0.026227167,
            "certain": 0.016736401,
            "differ": 0.027962036,
            "percept": 0.03388101,
            "see": 0.010307174,
            "hear": 0.0023471783,
            "feel": 0.007143586,
            "bio": 0.061945096,
            "body": 0.0047964077,
            "health": 0.0036738443,