{
    "db_id": 4960,
    "content_handle": "receptiviti_web_ref_id_bb91cf11-68a2-4abb-9dab-bb24be16aec0",
    "content_source": "4",
    "content_date": "2020-07-20T11:55:07.749211",
    "content_tags": [],
    "user_id": 283,
    "user": {
        "name": "Jana Germies",
        "email": "Jana.Germies@ruhr-uni-bochum.de",
        "first_name": "Jana",
        "last_name": "Germies",
        "company_name": "Ruhr-Universität Bochum, Germany",
        "job_title": null,
        "has_twitter_api_access": false,
        "is_on_trial": false,
        "status": "active",
        "rate_limit": "50/month"
    },
    "language": "english",
    "organa_scores": {},
    "word_count": 9898,
    "receptiviti_scores": {
        "percentiles": {
            "openness": 58.30118788892251,
            "conscientiousness": 59.6576060031358,
            "extraversion": 49.47366119521262,
            "agreeableness": 48.37584931238223,
            "neuroticism": 64.20925326612368,
            "artistic": 84.07512504876922,
            "adventurous": 62.54805117295649,
            "intellectual": 38.63958915252364,
            "liberal": 48.02503972674882,
            "imaginative": 35.668287773345384,
            "emotionally_aware": 61.908835355604914,
            "sociable": 51.20561438958587,
            "friendly": 54.7497161318621,
            "assertive": 47.529207074772565,
            "active": 37.363175938377196,
            "energetic": 58.98460204817354,
            "cheerful": 56.50430044993788,
            "self_assured": 39.753049364916066,
            "disciplined": 45.28102027362619,
            "ambitious": 63.89650357693363,
            "dutiful": 52.842732367010186,
            "cautious": 61.78570436971845,
            "organized": 65.83478781353483,
            "generous": 56.50904106323778,
            "trusting": 43.59096543275767,
            "cooperative": 77.29068611954514,
            "empathetic": 56.06533151533713,
            "genuine": 31.881680945832727,
            "humble": 46.2377637009021,
            "impulsive": 47.809733405429085,
            "stressed": 55.20379329513263,
            "anxious": 81.26958329727077,
            "aggressive": 39.44322597573603,
            "melancholy": 46.31872898385336,
            "self_conscious": 82.36714625766415,
            "thinking_style": 62.65978352596305,
            "power_driven": 38.922800296147365,
            "independent": 63.93317905683956,
            "cold": 35.29390477819578,
            "insecure": 37.29472609205444,
            "adjustment": 1.0866113050339583,
            "happiness": 47.99311180066682,
            "persuasive": 74.19623111663876,
            "social_skills": 67.6475355297289,
            "type_a": 27.168749267730718,
            "depression": 58.08788112506371,
            "workhorse": 49.125515198388534,
            "family_oriented": 36.28079713693193,
            "reward_bias": 54.332763694638686,
            "friend_focus": 50.16981517348006,
            "body_focus": 67.18492605270306,
            "health_oriented": 76.42469033500431,
            "sexual_focus": 38.59850307933812,
            "food_focus": 99,
            "leisure_oriented": 92.84906482725219,
            "money_oriented": 60.7355158020478,
            "religion_oriented": 44.593640798462594,
            "work_oriented": 62.55952664471595,
            "netspeak_focus": 52.39015356179311
        },
        "raw_scores": {
            "openness": 1.0966749312330721,
            "conscientiousness": 0.7458977535758651,
            "extraversion": 0.6934006980782061,
            "agreeableness": -4.217177388435653,
            "neuroticism": 1.3037377702553137,
            "artistic": 4.366250707865799,
            "adventurous": 2.084542529880994,
            "intellectual": 7.989201082361036,
            "liberal": 0.13100066520899212,
            "imaginative": -1.3149502914239473,
            "emotionally_aware": 2.0665297129842832,
            "sociable": 3.129318391162837,
            "friendly": 2.759937633082588,
            "assertive": 1.781387554372668,
            "active": -2.7465775217097925,
            "energetic": 1.3068172585030737,
            "cheerful": 1.4589471762168902,
            "self_assured": 0.9830717584121587,
            "disciplined": 1.4101063085817311,
            "ambitious": 5.111803549938459,
            "dutiful": -1.8992403943607727,
            "cautious": 2.928080009251114,
            "organized": 0.7595334110735192,
            "generous": -2.3007342040896175,
            "trusting": -0.15115620654310957,
            "cooperative": 6.35339510552589,
            "empathetic": -1.470092037189132,
            "genuine": -1.7134540289863258,
            "humble": -1.275793703426005,
            "impulsive": 2.051121196154755,
            "stressed": 5.257703561453296,
            "anxious": 4.8132411401167765,
            "aggressive": 2.260447895797962,
            "melancholy": 0.07160662171200527,
            "self_conscious": 3.6496471015989496,
            "thinking_style": -0.9359701466371642,
            "power_driven": 4.998296054868629,
            "independent": -4.275857622222894,
            "cold": -1.6326308284492017,
            "insecure": 0.22265408979653978,
            "adjustment": -3.402174312685484,
            "happiness": 5.190541469224708,
            "persuasive": 0.37627660925019624,
            "social_skills": 1.9712444615378566,
            "type_a": 6.622977650351979,
            "depression": 1.1849330958739483,
            "workhorse": -2.658025420206657,
            "family_oriented": 2.803592700802181,
            "reward_bias": 1.4447363599999998,
            "friend_focus": 0.16164882,
            "body_focus": 0.32329764,
            "health_oriented": 0.7173166,
            "sexual_focus": 0,
            "food_focus": 2.5,
            "leisure_oriented": 2.1014346,
            "money_oriented": 0.69711055,
            "religion_oriented": 0.060618309999999995,
            "work_oriented": 1.5356638,
            "netspeak_focus": 0.8486563
        },
        "warnings": {}
    },
    "liwc_scores": {
        "wc": 9898,
        "analytic": 53.235577,
        "clout": 40.703957,
        "authentic": 56.11747,
        "tone": 89.131256,
        "wps": 24.024271,
        "sixLtr": 0.1765003,
        "dic": 0.83269346,
        "categories": {
            "function": 0.50979996,
            "pronoun": 0.14467569,
            "ppron": 0.09486765,
            "i": 0.063043036,
            "we": 0.008789655,
            "you": 0.014346332,
            "shehe": 0.0024247323,
            "they": 0.0062638917,
            "ipron": 0.04970701,
            "article": 0.050010104,
            "prep": 0.13214791,
            "auxverb": 0.08759345,
            "adverb": 0.05293999,
            "conj": 0.080319256,
            "negate": 0.010305112,
            "verb": 0.16043645,
            "adj": 0.050616287,
            "compare": 0.020004041,
            "interrog": 0.01182057,
            "number": 0.0073752273,
            "quant": 0.029096788,
            "affect": 0.057789452,
            "posemo": 0.047585372,
            "negemo": 0.00990099,
            "anx": 0.0023237017,
            "anger": 0.0014144272,
            "sad": 0.0026267932,
            "social": 0.05738533,
            "family": 0.0026267932,
            "friend": 0.0016164882,
            "female": 0.0028288544,
            "male": 0.0015154576,
            "cogproc": 0.10779955,
            "insight": 0.015659729,
            "cause": 0.020913316,
            "discrep": 0.012325723,
            "tentat": 0.027884422,
            "certain": 0.012931906,
            "differ": 0.030006062,
            "percept": 0.035057586,
            "see": 0.012527783,
            "hear": 0.0026267932,
            "feel": 0.011214387,
            "bio": 0.048494644,
            "body": 0.0032329764,
            "health": 0.007173166,
            "sexual": 0,