{
    "db_id": 4962,
    "content_handle": "receptiviti_web_ref_id_abbf4a53-d96a-4621-ad86-3e05f9cd60d9",
    "content_source": "4",
    "content_date": "2020-07-20T11:56:59.155249",
    "content_tags": [],
    "user_id": 283,
    "user": {
        "name": "Jana Germies",
        "email": "Jana.Germies@ruhr-uni-bochum.de",
        "first_name": "Jana",
        "last_name": "Germies",
        "company_name": "Ruhr-Universität Bochum, Germany",
        "job_title": null,
        "has_twitter_api_access": false,
        "is_on_trial": false,
        "status": "active",
        "rate_limit": "50/month"
    },
    "language": "english",
    "organa_scores": {},
    "word_count": 9669,
    "receptiviti_scores": {
        "percentiles": {
            "openness": 62.20514009013333,
            "conscientiousness": 53.73514989613977,
            "extraversion": 67.04931281062966,
            "agreeableness": 54.142583907009715,
            "neuroticism": 68.29021760000794,
            "artistic": 82.44209704343795,
            "adventurous": 66.69768359286074,
            "intellectual": 38.13281985568749,
            "liberal": 51.07649981573665,
            "imaginative": 44.8478102258334,
            "emotionally_aware": 43.171756299846,
            "sociable": 61.74281464849999,
            "friendly": 50.22564060504913,
            "assertive": 52.79145034106205,
            "active": 67.4715042467248,
            "energetic": 63.52266236358016,
            "cheerful": 56.355619258343815,
            "self_assured": 31.40628072946757,
            "disciplined": 42.39927333345689,
            "ambitious": 49.39169323417886,
            "dutiful": 62.83246347502866,
            "cautious": 47.693851647524625,
            "organized": 62.18363230244914,
            "generous": 53.99610177878271,
            "trusting": 61.49653561619981,
            "cooperative": 78.41029382383938,
            "empathetic": 49.019351068098366,
            "genuine": 45.02655791989795,
            "humble": 53.27580975179921,
            "impulsive": 48.68417244948824,
            "stressed": 57.6343636057131,
            "anxious": 93.54068846545957,
            "aggressive": 40.49557042265774,
            "melancholy": 47.50723941120606,
            "self_conscious": 73.50209669165025,
            "thinking_style": 81.33184784421329,
            "power_driven": 35.94380786977403,
            "independent": 71.45730192327898,
            "cold": 45.740118396412655,
            "insecure": 42.590068414409416,
            "adjustment": 6.303911540045087,
            "happiness": 54.213004859455054,
            "persuasive": 84.07246529011054,
            "social_skills": 57.32873915424626,
            "type_a": 29.487506761589568,
            "depression": 55.60434140804716,
            "workhorse": 30.95569521227464,
            "family_oriented": 32.67968583274687,
            "reward_bias": 43.5377659090909,
            "friend_focus": 76.27158702873874,
            "body_focus": 96.07462939920137,
            "health_oriented": 87.45629058955475,
            "sexual_focus": 59.04862591406994,
            "food_focus": 99,
            "leisure_oriented": 82.15894986504391,
            "money_oriented": 64.83731780034675,
            "religion_oriented": 53.14013162305754,
            "work_oriented": 52.498522503648985,
            "netspeak_focus": 50.111046224992315
        },
        "raw_scores": {
            "openness": 1.1763324308125642,
            "conscientiousness": 0.5902691604524913,
            "extraversion": 1.1106962551960708,
            "agreeableness": -3.8778421702054042,
            "neuroticism": 1.3789188221838553,
            "artistic": 4.250005553018402,
            "adventurous": 2.2867939073837746,
            "intellectual": 7.951687516582436,
            "liberal": 0.26970897931155613,
            "imaginative": -1.0109730742420036,
            "emotionally_aware": 1.23149898892828,
            "sociable": 3.5785816140669113,
            "friendly": 2.557705988502326,
            "assertive": 1.9721975476569782,
            "active": -1.0842936423140623,
            "energetic": 1.5381693159976644,
            "cheerful": 1.4496403023286595,
            "self_assured": 0.5732783228052625,
            "disciplined": 1.2587266269419353,
            "ambitious": 4.059624869467294,
            "dutiful": -1.2744705219288153,
            "cautious": 2.0149034408441038,
            "organized": 0.582965793974493,
            "generous": -2.3891387897483343,
            "trusting": 0.6496842695550384,
            "cooperative": 6.479026522205801,
            "empathetic": -1.65882765784987,
            "genuine": -1.3107575799975903,
            "humble": -0.9357107435167236,
            "impulsive": 2.0953683364475744,
            "stressed": 5.42885817418907,
            "anxious": 6.427483435752183,
            "aggressive": 2.3478344924215837,
            "melancholy": 0.13249787356417286,
            "self_conscious": 3.0907404649929284,
            "thinking_style": -0.23628676949914595,
            "power_driven": 4.868527119306199,
            "independent": -3.8829355192771446,
            "cold": -1.2063556655102885,
            "insecure": 0.4492005931993892,
            "adjustment": -1.8960764395923095,
            "happiness": 5.514730379052021,
            "persuasive": 1.1821528436996325,
            "social_skills": 1.6820664094369957,
            "type_a": 6.7397838440815905,
            "depression": 1.0915584150273427,
            "workhorse": -3.680564388755123,
            "family_oriented": 2.6409566414894896,
            "reward_bias": 1.15834102,
            "friend_focus": 0.38266624,
            "body_focus": 0.7239632,
            "health_oriented": 0.9411521,
            "sexual_focus": 0.041369325,
            "food_focus": 2.5,
            "leisure_oriented": 1.5616919999999999,
            "money_oriented": 0.7860172000000001,
            "religion_oriented": 0.11376564,
            "work_oriented": 1.16868345,
            "netspeak_focus": 0.7860172000000001
        },
        "warnings": {}
    },
    "liwc_scores": {
        "wc": 9669,
        "analytic": 66.855804,
        "clout": 56.951416,
        "authentic": 53.41366,
        "tone": 87.79754,
        "wps": 24.7289,
        "sixLtr": 0.19060916,
        "dic": 0.78860277,
        "categories": {
            "function": 0.44792637,
            "pronoun": 0.12596959,
            "ppron": 0.083876304,
            "i": 0.044368602,
            "we": 0.008997828,
            "you": 0.025131864,
            "shehe": 0.0021718896,
            "they": 0.0032061227,
            "ipron": 0.04209329,
            "article": 0.049539767,
            "prep": 0.12266005,
            "auxverb": 0.068879925,
            "adverb": 0.04209329,
            "conj": 0.06712173,
            "negate": 0.012100527,
            "verb": 0.13548453,
            "adj": 0.054193817,
            "compare": 0.022132589,
            "interrog": 0.010342332,
            "number": 0.02058124,
            "quant": 0.023994207,
            "affect": 0.05626228,
            "posemo": 0.045402832,
            "negemo": 0.009101251,
            "anx": 0.0015513496,
            "anger": 0.001654773,
            "sad": 0.0027924294,
            "social": 0.072499745,
            "family": 0.001965043,
            "friend": 0.0038266624,
            "female": 0.0024821595,
            "male": 0.0017581963,
            "cogproc": 0.10549178,
            "insight": 0.019857276,
            "cause": 0.020167546,
            "discrep": 0.0108594475,
            "tentat": 0.028544834,
            "certain": 0.012617644,
            "differ": 0.032371495,
            "percept": 0.034750234,
            "see": 0.011479988,
            "hear": 0.0034129692,
            "feel": 0.008790981,
            "bio": 0.06619092,
            "body": 0.007239632,
            "health": 0.009411521,