{
    "db_id": 4949,
    "content_handle": "receptiviti_web_ref_id_1368a21f-a6b1-4646-ab61-20efafaf4a7e",
    "content_source": "4",
    "content_date": "2020-07-20T11:40:57.235488",
    "content_tags": [],
    "user_id": 283,
    "user": {
        "name": "Jana Germies",
        "email": "Jana.Germies@ruhr-uni-bochum.de",
        "first_name": "Jana",
        "last_name": "Germies",
        "company_name": "Ruhr-Universität Bochum, Germany",
        "job_title": null,
        "has_twitter_api_access": false,
        "is_on_trial": false,
        "status": "active",
        "rate_limit": "50/month"
    },
    "language": "english",
    "organa_scores": {},
    "word_count": 9581,
    "receptiviti_scores": {
        "percentiles": {
            "openness": 49.293298093333746,
            "conscientiousness": 70.53837446584579,
            "extraversion": 67.2726969307027,
            "agreeableness": 47.96997687229434,
            "neuroticism": 68.14020489416222,
            "artistic": 89.0532453732564,
            "adventurous": 57.39938340411345,
            "intellectual": 42.02674480951215,
            "liberal": 50.930806069723765,
            "imaginative": 31.307906398182134,
            "emotionally_aware": 28.078925190505846,
            "sociable": 78.290500210794,
            "friendly": 57.876701925617645,
            "assertive": 33.16932381507876,
            "active": 63.56528709942919,
            "energetic": 79.26867062128402,
            "cheerful": 48.055652110072785,
            "self_assured": 23.921400691910332,
            "disciplined": 46.68325124453803,
            "ambitious": 65.84400519872578,
            "dutiful": 83.25634995598745,
            "cautious": 50.93301357460495,
            "organized": 68.70906512262275,
            "generous": 37.311630392387,
            "trusting": 63.78949540444455,
            "cooperative": 94.75352742752786,
            "empathetic": 43.405987696193485,
            "genuine": 48.69194968604762,
            "humble": 57.59927052964781,
            "impulsive": 43.768066572221656,
            "stressed": 58.58059938145698,
            "anxious": 93.7037483148311,
            "aggressive": 38.284247829118755,
            "melancholy": 40.01606713887112,
            "self_conscious": 85.65963969011811,
            "thinking_style": 83.68325528909439,
            "power_driven": 55.69031845861525,
            "independent": 40.69301009352423,
            "cold": 12.178743670650546,
            "insecure": 53.66727408146777,
            "adjustment": 48.05759732243987,
            "happiness": 68.01869418559245,
            "persuasive": 98.37876379459915,
            "social_skills": 69.13914203721833,
            "type_a": 63.29975134254655,
            "depression": 42.88549324970467,
            "workhorse": 63.17436723844585,
            "family_oriented": 51.02005715991731,
            "reward_bias": 39.304353146853146,
            "friend_focus": 61.42104004949347,
            "body_focus": 58.15939200402569,
            "health_oriented": 55.81025589366826,
            "sexual_focus": 64.25311091136138,
            "food_focus": 99,
            "leisure_oriented": 96.89273277769352,
            "money_oriented": 43.2019169244244,
            "religion_oriented": 51.622694031725565,
            "work_oriented": 63.35089740412449,
            "netspeak_focus": 27.807405143468056
        },
        "raw_scores": {
            "openness": 0.9167291991170831,
            "conscientiousness": 1.049994714703939,
            "extraversion": 1.1164385134170651,
            "agreeableness": -4.241036772322007,
            "neuroticism": 1.3761112325653282,
            "artistic": 4.783094281867146,
            "adventurous": 1.8430570477318784,
            "intellectual": 8.23708795686596,
            "liberal": 0.2630862697576397,
            "imaginative": -1.4693059055273712,
            "emotionally_aware": 0.5116168038838645,
            "sociable": 4.388684003181689,
            "friendly": 2.9007990577418385,
            "assertive": 1.2396759612474613,
            "active": -1.3126168291868403,
            "energetic": 2.4599003859974156,
            "cheerful": 0.9275902592212352,
            "self_assured": 0.16572995603414853,
            "disciplined": 1.4843680795545175,
            "ambitious": 5.260831449484605,
            "dutiful": 0.27711550569832166,
            "cautious": 2.2219935901186116,
            "organized": 0.9048580158348682,
            "generous": -2.9757305306857638,
            "trusting": 0.7568144317415619,
            "cooperative": 9.29338172506099,
            "empathetic": -1.8094054152628094,
            "genuine": -1.2029753916485948,
            "humble": -0.7237071968208366,
            "impulsive": 1.8445864053943593,
            "stressed": 5.4974389984427345,
            "anxious": 6.460451436371763,
            "aggressive": 2.162431134403865,
            "melancholy": -0.2574472182574312,
            "self_conscious": 3.9014154376889105,
            "thinking_style": -0.1240198491418647,
            "power_driven": 5.699562654732245,
            "independent": -5.381004753884756,
            "cold": -2.8771629403378203,
            "insecure": 0.9081833740085087,
            "adjustment": 0.9980630712354527,
            "happiness": 6.270465796243298,
            "persuasive": 3.8686670099353226,
            "social_skills": 2.015390047733514,
            "type_a": 8.225590867526401,
            "depression": 0.6184717345996512,
            "workhorse": -1.8871163378226774,
            "family_oriented": 3.4262048649915786,
            "reward_bias": 1.04373232,
            "friend_focus": 0.25049578,
            "body_focus": 0.25049578,
            "health_oriented": 0.41749296,
            "sexual_focus": 0.05218662,
            "food_focus": 2.5,
            "leisure_oriented": 2.5,
            "money_oriented": 0.33399437,
            "religion_oriented": 0.10437324,
            "work_oriented": 1.5655985000000001,
            "netspeak_focus": 0.13568521
        },
        "warnings": {}
    },
    "liwc_scores": {
        "wc": 9581,
        "analytic": 68.67518,
        "clout": 75.43186,
        "authentic": 64.205536,
        "tone": 89.98009,
        "wps": 23.598522,
        "sixLtr": 0.16115227,
        "dic": 0.85429496,
        "categories": {
            "function": 0.50558394,
            "pronoun": 0.14622691,
            "ppron": 0.089656614,
            "i": 0.034860663,
            "we": 0.023692725,
            "you": 0.02129214,
            "shehe": 0.006262394,
            "they": 0.0035486901,
            "ipron": 0.056465924,
            "article": 0.06919946,
            "prep": 0.1399645,
            "auxverb": 0.08120238,
            "adverb": 0.04863793,
            "conj": 0.060118984,
            "negate": 0.009811085,
            "verb": 0.15937793,
            "adj": 0.053021606,
            "compare": 0.021500887,
            "interrog": 0.0148209995,
            "number": 0.018265316,
            "quant": 0.03506941,
            "affect": 0.05667467,
            "posemo": 0.04728108,
            "negemo": 0.008662979,
            "anx": 0.0018787183,
            "anger": 0.0005218662,
            "sad": 0.0022962112,
            "social": 0.09424903,
            "family": 0.0033399437,
            "friend": 0.0025049578,
            "female": 0.0025049578,
            "male": 0.0068886336,
            "cogproc": 0.11710677,
            "insight": 0.027867654,
            "cause": 0.019726543,
            "discrep": 0.012420415,
            "tentat": 0.028807014,
            "certain": 0.017847823,
            "differ": 0.025571443,
            "percept": 0.038931217,
            "see": 0.01774345,
            "hear": 0.003966183,
            "feel": 0.009393591,
            "bio": 0.03809623,
            "body": 0.0025049578,
            "health": 0.0041749296,
            "sexual": 0.0005218662,