{
    "db_id": 4933,
    "content_handle": "receptiviti_web_ref_id_0e7cad99-92e7-423d-9c83-7c2a9663b8dc",
    "content_source": "4",
    "content_date": "2020-07-20T11:01:03.707489",
    "content_tags": [],
    "user_id": 283,
    "user": {
        "name": "Jana Germies",
        "email": "Jana.Germies@ruhr-uni-bochum.de",
        "first_name": "Jana",
        "last_name": "Germies",
        "company_name": "Ruhr-Universität Bochum, Germany",
        "job_title": null,
        "has_twitter_api_access": false,
        "is_on_trial": false,
        "status": "active",
        "rate_limit": "50/month"
    },
    "language": "english",
    "organa_scores": {},
    "word_count": 9974,
    "receptiviti_scores": {
        "percentiles": {
            "openness": 46.890857869969025,
            "conscientiousness": 70.23941767091767,
            "extraversion": 87.12609956682827,
            "agreeableness": 59.39716266205796,
            "neuroticism": 85.98596195298721,
            "artistic": 81.79878591825491,
            "adventurous": 70.55467526264871,
            "intellectual": 42.40734284604368,
            "liberal": 29.60817081156264,
            "imaginative": 34.76730608012924,
            "emotionally_aware": 25.478674389817627,
            "sociable": 85.38078047897147,
            "friendly": 70.77035057366545,
            "assertive": 46.777900577865566,
            "active": 83.42689391031894,
            "energetic": 76.45518419033503,
            "cheerful": 70.50622879844974,
            "self_assured": 25.109730098646562,
            "disciplined": 55.35892697950031,
            "ambitious": 71.18714863810841,
            "dutiful": 76.84679994550181,
            "cautious": 58.152166063949636,
            "organized": 65.52265068973698,
            "generous": 56.56722508572268,
            "trusting": 83.07313021582708,
            "cooperative": 93.4135742833831,
            "empathetic": 51.818800234854365,
            "genuine": 43.02187919725105,
            "humble": 49.53239350039873,
            "impulsive": 61.863529008645436,
            "stressed": 73.59997008825901,
            "anxious": 99,
            "aggressive": 40.325805331131306,
            "melancholy": 31.15724924701273,
            "self_conscious": 92.04623166670656,
            "thinking_style": 85.50799417465096,
            "power_driven": 63.74155627226821,
            "independent": 49.44072493868251,
            "cold": 13.890897097615182,
            "insecure": 48.06295052111478,
            "adjustment": 61.7443023351214,
            "happiness": 88.89891613232936,
            "persuasive": 99,
            "social_skills": 78.70550946285793,
            "type_a": 64.91593919162787,
            "depression": 12.235906919889358,
            "workhorse": 55.481426340953554,
            "family_oriented": 69.96875963329386,
            "reward_bias": 66.66179788961038,
            "friend_focus": 84.13661723017366,
            "body_focus": 95.09523103574797,
            "health_oriented": 95.94925821469094,
            "sexual_focus": 63.27130951522293,
            "food_focus": 99,
            "leisure_oriented": 84.24872821626042,
            "money_oriented": 51.81730850773187,
            "religion_oriented": 46.09882796186211,
            "work_oriented": 61.18216025698182,
            "netspeak_focus": 60.75958440510881
        },
        "raw_scores": {
            "openness": 0.8692224031824815,
            "conscientiousness": 1.0410628465186258,
            "extraversion": 1.7448923115486563,
            "agreeableness": -3.5622305481167915,
            "neuroticism": 1.782145604090346,
            "artistic": 4.205797316331912,
            "adventurous": 2.4832760691578923,
            "intellectual": 8.265261702923128,
            "liberal": -0.752651336049643,
            "imaginative": -1.3461316415542017,
            "emotionally_aware": 0.3733729678879113,
            "sociable": 4.842478028743994,
            "friendly": 3.5181358331517236,
            "assertive": 1.7541450305335209,
            "active": 0.025916611537079248,
            "energetic": 2.274310093956242,
            "cheerful": 2.3980728922910473,
            "self_assured": 0.23486864620876613,
            "disciplined": 1.9366713401987858,
            "ambitious": 5.689141996496643,
            "dutiful": -0.28406193256531886,
            "cautious": 2.689041269848328,
            "organized": 0.7442839640637233,
            "generous": -2.298719375757798,
            "trusting": 1.8249857289735063,
            "cooperative": 8.90951586268111,
            "empathetic": -1.5842641193346365,
            "genuine": -1.3691171728600042,
            "humble": -1.1165950500049582,
            "impulsive": 2.7720955853930587,
            "stressed": 6.651235205543617,
            "anxious": 10.269971977793539,
            "aggressive": 2.334029373432,
            "melancholy": -0.7472344232173431,
            "self_conscious": 4.538247461970361,
            "thinking_style": -0.029052300036836343,
            "power_driven": 6.043402423581846,
            "independent": -4.967104163486994,
            "cold": -2.7490745427447996,
            "insecure": 0.6771451352329567,
            "adjustment": 1.6753367992072703,
            "happiness": 7.838670256150507,
            "persuasive": 4.950367978051374,
            "social_skills": 2.3283585990761884,
            "type_a": 8.298197035672153,
            "depression": -0.836565149047773,
            "workhorse": -2.3140852985152227,
            "family_oriented": 4.249772321406837,
            "reward_bias": 1.78464004,
            "friend_focus": 0.4712252,
            "body_focus": 0.69179866,
            "health_oriented": 1.2532584,
            "sexual_focus": 0.050130339999999995,
            "food_focus": 2.5,
            "leisure_oriented": 1.6442752,
            "money_oriented": 0.51132943,
            "religion_oriented": 0.07018247,
            "work_oriented": 1.4838580000000001,
            "netspeak_focus": 1.0828153
        },
        "warnings": {}
    },
    "liwc_scores": {
        "wc": 9974,
        "analytic": 61.856228,
        "clout": 83.18749,
        "authentic": 33.22521,
        "tone": 98.877396,
        "wps": 13.969188,
        "sixLtr": 0.16071786,
        "dic": 0.8286545,
        "categories": {
            "function": 0.46811712,
            "pronoun": 0.13996391,
            "ppron": 0.087928616,
            "i": 0.027070383,
            "we": 0.01604171,
            "you": 0.03870062,
            "shehe": 0.0012031281,
            "they": 0.004912773,
            "ipron": 0.05203529,
            "article": 0.047523562,
            "prep": 0.119510725,
            "auxverb": 0.071586125,
            "adverb": 0.0385001,
            "conj": 0.07168639,
            "negate": 0.008121115,
            "verb": 0.15099259,
            "adj": 0.05203529,
            "compare": 0.016944055,
            "interrog": 0.012131542,
            "number": 0.034188893,
            "quant": 0.03228394,
            "affect": 0.076799676,
            "posemo": 0.06727491,
            "negemo": 0.008421897,
            "anx": 0.003108081,
            "anger": 0.0017044315,
            "sad": 0.0018046922,
            "social": 0.10637658,
            "family": 0.0042109485,
            "friend": 0.004712252,
            "female": 0.0014036495,
            "male": 0.003108081,
            "cogproc": 0.116001606,
            "insight": 0.019751353,
            "cause": 0.02055344,
            "discrep": 0.019851614,
            "tentat": 0.037296973,
            "certain": 0.016442752,
            "differ": 0.0295769,
            "percept": 0.03258472,
            "see": 0.009223983,
            "hear": 0.0026067777,
            "feel": 0.013434931,
            "bio": 0.051433727,
            "body": 0.0069179866,
            "health": 0.012532584,
            "sexual": 0.0005013034,