{
    "db_id": 4964,
    "content_handle": "receptiviti_web_ref_id_70d0e120-378f-4ca3-b16c-aadb51d6c950",
    "content_source": "4",
    "content_date": "2020-07-20T11:59:46.840670",
    "content_tags": [],
    "user_id": 283,
    "user": {
        "name": "Jana Germies",
        "email": "Jana.Germies@ruhr-uni-bochum.de",
        "first_name": "Jana",
        "last_name": "Germies",
        "company_name": "Ruhr-Universität Bochum, Germany",
        "job_title": null,
        "has_twitter_api_access": false,
        "is_on_trial": false,
        "status": "active",
        "rate_limit": "50/month"
    },
    "language": "english",
    "organa_scores": {},
    "word_count": 9548,
    "receptiviti_scores": {
        "percentiles": {
            "openness": 52.472852394916345,
            "conscientiousness": 62.63184452978196,
            "extraversion": 73.99069338563712,
            "agreeableness": 40.7188201506398,
            "neuroticism": 69.08622568232114,
            "artistic": 83.89939802591857,
            "adventurous": 68.84340881467236,
            "intellectual": 36.03196107946064,
            "liberal": 36.306892067561755,
            "imaginative": 39.130778952335795,
            "emotionally_aware": 30.771924425710758,
            "sociable": 69.4019799294976,
            "friendly": 44.520966425635216,
            "assertive": 45.999132429693496,
            "active": 80.09203960370728,
            "energetic": 71.904182905497,
            "cheerful": 54.61212593842478,
            "self_assured": 20.57941762278383,
            "disciplined": 49.30302335137622,
            "ambitious": 51.2294890126411,
            "dutiful": 75.50542805636402,
            "cautious": 50.783845095915325,
            "organized": 69.67214770718469,
            "generous": 46.3970813967595,
            "trusting": 46.78620045047184,
            "cooperative": 78.30591373629002,
            "empathetic": 42.035761534632805,
            "genuine": 36.780204164242846,
            "humble": 35.80869553834235,
            "impulsive": 50.82254462228442,
            "stressed": 60.79087170245916,
            "anxious": 94.44548139303579,
            "aggressive": 37.554245461857434,
            "melancholy": 42.4064483080588,
            "self_conscious": 78.84259157790554,
            "thinking_style": 93.05315395978069,
            "power_driven": 34.57235678582536,
            "independent": 84.14441536481988,
            "cold": 19.34289669120701,
            "insecure": 36.123965276777994,
            "adjustment": 37.740693002340876,
            "happiness": 56.4638425561257,
            "persuasive": 93.09809519269234,
            "social_skills": 60.232195374619984,
            "type_a": 56.78625914242687,
            "depression": 38.530625338096584,
            "workhorse": 59.36969097470588,
            "family_oriented": 27.301265291326015,
            "reward_bias": 46.83084280303029,
            "friend_focus": 78.76219068726932,
            "body_focus": 96.30634855264653,
            "health_oriented": 75.50511949997015,
            "sexual_focus": 69.0857905977223,
            "food_focus": 96.4899564393017,
            "leisure_oriented": 79.23493098081732,
            "money_oriented": 65.76080365902213,
            "religion_oriented": 58.355105863223045,
            "work_oriented": 61.555818292980156,
            "netspeak_focus": 28.77430382349035
        },
        "raw_scores": {
            "openness": 0.9796029538516408,
            "conscientiousness": 0.8258641583669755,
            "extraversion": 1.2955390587067845,
            "agreeableness": -4.674353352946075,
            "neuroticism": 1.3938166537746333,
            "artistic": 4.353394170090889,
            "adventurous": 2.395542505961723,
            "intellectual": 7.793324462925488,
            "liberal": -0.415651881056083,
            "imaginative": -1.1978509220150868,
            "emotionally_aware": 0.6493629311441564,
            "sociable": 3.928617353938895,
            "friendly": 2.3026031039182193,
            "assertive": 1.7259054833962588,
            "active": -0.2436909123005641,
            "energetic": 1.9980442732251604,
            "cheerful": 1.339533112058224,
            "self_assured": -0.039067548285940834,
            "disciplined": 1.6203221354534258,
            "ambitious": 4.190097342963442,
            "dutiful": -0.39071458411027804,
            "cautious": 2.2124567644784285,
            "organized": 0.9536520209844785,
            "generous": -2.652281846998244,
            "trusting": -0.008213008946690081,
            "cooperative": 6.467091621996461,
            "empathetic": -1.846928794396658,
            "genuine": -1.5579655816842868,
            "humble": -1.7959351804100137,
            "impulsive": 2.203571251414365,
            "stressed": 5.654846462214161,
            "anxious": 6.62295882613448,
            "aggressive": 2.099243655720552,
            "melancholy": -0.13209794550999254,
            "self_conscious": 3.410930216735596,
            "thinking_style": 0.4910855677603574,
            "power_driven": 4.807321699983951,
            "independent": -3.0738778135830134,
            "cold": -2.4031390690467958,
            "insecure": 0.17197288727657978,
            "adjustment": 0.48374861761771504,
            "happiness": 5.633525005046343,
            "persuasive": 2.309363888835761,
            "social_skills": 1.7608021932853064,
            "type_a": 7.939580105246096,
            "depression": 0.45260087049237563,
            "workhorse": -2.1006918678351916,
            "family_oriented": 2.3844428217143365,
            "reward_bias": 1.2463342499999999,
            "friend_focus": 0.40846253000000005,
            "body_focus": 0.73313783,
            "health_oriented": 0.70171766,
            "sexual_focus": 0.062840385,
            "food_focus": 1.738584,
            "leisure_oriented": 1.4558023,
            "money_oriented": 0.8064516,
            "religion_oriented": 0.14662756999999998,
            "work_oriented": 1.4976959,
            "netspeak_focus": 0.16757436
        },
        "warnings": {}
    },
    "liwc_scores": {
        "wc": 9548,
        "analytic": 75.07927,
        "clout": 67.44467,
        "authentic": 51.390865,
        "tone": 84.38175,
        "wps": 23.98995,
        "sixLtr": 0.26434857,
        "dic": 0.7392124,
        "categories": {
            "function": 0.4337034,
            "pronoun": 0.12410976,
            "ppron": 0.0820067,
            "i": 0.040113114,
            "we": 0.015919564,
            "you": 0.02105153,
            "shehe": 0.00020946795,
            "they": 0.004713029,
            "ipron": 0.04210306,
            "article": 0.053937998,
            "prep": 0.12494763,
            "auxverb": 0.07006703,
            "adverb": 0.034876414,
            "conj": 0.05184332,
            "negate": 0.008273984,
            "verb": 0.1353163,
            "adj": 0.04639715,
            "compare": 0.018223712,
            "interrog": 0.01235861,
            "number": 0.018118978,
            "quant": 0.022622539,
            "affect": 0.046187684,
            "posemo": 0.039379977,
            "negemo": 0.006179305,
            "anx": 0.0019899455,
            "anger": 0.0011520737,
            "sad": 0.0016757436,
            "social": 0.07593213,
            "family": 0.00031420193,
            "friend": 0.0040846253,
            "female": 0.0015710096,
            "male": 0.0025136154,
            "cogproc": 0.08671973,
            "insight": 0.02052786,
            "cause": 0.016966904,
            "discrep": 0.010892333,
            "tentat": 0.017071638,
            "certain": 0.011101802,
            "differ": 0.01843318,
            "percept": 0.027440302,
            "see": 0.013405949,
            "hear": 0.0021994135,
            "feel": 0.00869292,
            "bio": 0.03341014,
            "body": 0.0073313783,