{
    "db_id": 4945,
    "content_handle": "receptiviti_web_ref_id_04731033-bc4e-4ccf-990d-42503a522a82",
    "content_source": "4",
    "content_date": "2020-07-20T11:33:12.059927",
    "content_tags": [],
    "user_id": 283,
    "user": {
        "name": "Jana Germies",
        "email": "Jana.Germies@ruhr-uni-bochum.de",
        "first_name": "Jana",
        "last_name": "Germies",
        "company_name": "Ruhr-Universität Bochum, Germany",
        "job_title": null,
        "has_twitter_api_access": false,
        "is_on_trial": false,
        "status": "active",
        "rate_limit": "50/month"
    },
    "language": "english",
    "organa_scores": {},
    "word_count": 10146,
    "receptiviti_scores": {
        "percentiles": {
            "openness": 72.24278747128237,
            "conscientiousness": 53.75416120446948,
            "extraversion": 72.34599893902659,
            "agreeableness": 50.426546895873614,
            "neuroticism": 63.805576378153035,
            "artistic": 84.96750078391193,
            "adventurous": 76.90558219546628,
            "intellectual": 29.27167275760161,
            "liberal": 53.852766557184594,
            "imaginative": 49.49934957963612,
            "emotionally_aware": 53.210619395463524,
            "sociable": 64.3584180703721,
            "friendly": 54.32181526784406,
            "assertive": 37.43631898489913,
            "active": 62.20389863307088,
            "energetic": 81.68344704962162,
            "cheerful": 69.35882071460605,
            "self_assured": 39.880595666095914,
            "disciplined": 36.37647197166954,
            "ambitious": 53.877673650384274,
            "dutiful": 61.77863559652545,
            "cautious": 38.867352430533764,
            "organized": 64.60724126910075,
            "generous": 45.60994649071452,
            "trusting": 67.44933420445393,
            "cooperative": 78.69682384918568,
            "empathetic": 49.63429449925322,
            "genuine": 50.320034660026636,
            "humble": 43.173446485960724,
            "impulsive": 59.815916669797396,
            "stressed": 46.157218964822434,
            "anxious": 93.7068734587382,
            "aggressive": 39.18000115120918,
            "melancholy": 36.489476164639925,
            "self_conscious": 70.50427431352458,
            "thinking_style": 85.85882862679637,
            "power_driven": 26.33139308599041,
            "independent": 74.73953813278642,
            "cold": 38.102844393528756,
            "insecure": 44.80621814488909,
            "adjustment": 16.500445950289198,
            "happiness": 65.07775770457468,
            "persuasive": 94.77917894456316,
            "social_skills": 81.91111354269587,
            "type_a": 18.348480721427855,
            "depression": 22.526718772839395,
            "workhorse": 43.77168066302525,
            "family_oriented": 38.47264306452708,
            "reward_bias": 62.47702686588104,
            "friend_focus": 71.30098054064472,
            "body_focus": 93.5507009743356,
            "health_oriented": 74.18514811747666,
            "sexual_focus": 67.42739739354589,
            "food_focus": 99,
            "leisure_oriented": 92.11978580695694,
            "money_oriented": 53.31845800006028,
            "religion_oriented": 44.3542555025369,
            "work_oriented": 44.07592467963007,
            "netspeak_focus": 44.50316172470942
        },
        "raw_scores": {
            "openness": 1.3976038028014641,
            "conscientiousness": 0.5907588128581354,
            "extraversion": 1.2502410750427935,
            "agreeableness": -4.096626259443639,
            "neuroticism": 1.2965824638893524,
            "artistic": 4.433368412544883,
            "adventurous": 2.837682162282673,
            "intellectual": 7.258202519157489,
            "liberal": 0.39590800141084204,
            "imaginative": -0.860634454976653,
            "emotionally_aware": 1.6750750451695322,
            "sociable": 3.6947855684867505,
            "friendly": 2.7401758344199356,
            "assertive": 1.4065302387487386,
            "active": -1.3902051640550948,
            "energetic": 2.631695257470575,
            "cheerful": 2.316363212754518,
            "self_assured": 0.9891061185584831,
            "disciplined": 0.9336688703126514,
            "ambitious": 4.378102563135381,
            "dutiful": -1.3432612057635975,
            "cautious": 1.4400281161705997,
            "organized": 0.6995616725195077,
            "generous": -2.6800794669469266,
            "trusting": 0.9336437109476123,
            "cooperative": 6.511788587651197,
            "empathetic": -1.642448593440303,
            "genuine": -1.1556041835223336,
            "humble": -1.425796329058162,
            "impulsive": 2.66471334504175,
            "stressed": 4.624460877867053,
            "anxious": 6.461083288704895,
            "aggressive": 2.238186522799727,
            "melancholy": -0.44736948709948,
            "self_conscious": 2.9248083244285583,
            "thinking_style": -0.010018829339043744,
            "power_driven": 4.416391988129629,
            "independent": -3.6977167514887204,
            "cold": -1.514768174176534,
            "insecure": 0.5412373430230525,
            "adjustment": -0.808632006974882,
            "happiness": 6.100941071604961,
            "persuasive": 2.6367920592047436,
            "social_skills": 2.450678739541293,
            "type_a": 6.125538393297576,
            "depression": -0.2323258185735313,
            "workhorse": -2.948078872345817,
            "family_oriented": 2.8995628310666,
            "reward_bias": 1.6656809900000003,
            "friend_focus": 0.33510744,
            "body_focus": 0.6505026500000001,
            "health_oriented": 0.68007098,
            "sexual_focus": 0.0591366,
            "food_focus": 2.5,
            "leisure_oriented": 2.0500689999999997,
            "money_oriented": 0.54208557,
            "religion_oriented": 0.0591366,
            "work_oriented": 0.8673369,
            "netspeak_focus": 0.6307904599999999
        },
        "warnings": {}
    },
    "liwc_scores": {
        "wc": 10146,
        "analytic": 71.99562,
        "clout": 57.622845,
        "authentic": 43.557316,
        "tone": 96.14364,
        "wps": 18.347197,
        "sixLtr": 0.16804652,
        "dic": 0.81283265,
        "categories": {
            "function": 0.475754,
            "pronoun": 0.13404298,
            "ppron": 0.090183325,
            "i": 0.048984822,
            "we": 0.008476247,
            "you": 0.01961364,
            "shehe": 0.008377686,
            "they": 0.004730928,
            "ipron": 0.04385965,
            "article": 0.062290557,
            "prep": 0.13719693,
            "auxverb": 0.06455746,
            "adverb": 0.04405677,
            "conj": 0.072836585,
            "negate": 0.007392076,
            "verb": 0.12803075,
            "adj": 0.061009265,
            "compare": 0.021190617,
            "interrog": 0.008180563,
            "number": 0.020599252,
            "quant": 0.026611473,
            "affect": 0.065641634,
            "posemo": 0.0568697,
            "negemo": 0.008476247,
            "anx": 0.0013798542,
            "anger": 0.0018726592,
            "sad": 0.0018726592,
            "social": 0.07047112,
            "family": 0.002365464,
            "friend": 0.0033510744,
            "female": 0.0065050265,
            "male": 0.0042381235,
            "cogproc": 0.09195742,
            "insight": 0.013502859,
            "cause": 0.018332347,
            "discrep": 0.009461856,
            "tentat": 0.02641435,
            "certain": 0.015868323,
            "differ": 0.022669032,
            "percept": 0.037157502,
            "see": 0.012517248,
            "hear": 0.002365464,
            "feel": 0.008574808,
            "bio": 0.069682635,
            "body": 0.0065050265,
            "health": 0.0068007098,