{
    "db_id": 4937,
    "content_handle": "receptiviti_web_ref_id_d61e999c-3b9a-4081-a69a-510e81ecd9ce",
    "content_source": "4",
    "content_date": "2020-07-20T11:07:11.833160",
    "content_tags": [],
    "user_id": 283,
    "user": {
        "name": "Jana Germies",
        "email": "Jana.Germies@ruhr-uni-bochum.de",
        "first_name": "Jana",
        "last_name": "Germies",
        "company_name": "Ruhr-Universität Bochum, Germany",
        "job_title": null,
        "has_twitter_api_access": false,
        "is_on_trial": false,
        "status": "active",
        "rate_limit": "50/month"
    },
    "language": "english",
    "organa_scores": {},
    "word_count": 9771,
    "receptiviti_scores": {
        "percentiles": {
            "openness": 42.85118694156439,
            "conscientiousness": 80.88072213704355,
            "extraversion": 87.47392806307558,
            "agreeableness": 44.73165255279067,
            "neuroticism": 89.43838954786631,
            "artistic": 76.12980922830013,
            "adventurous": 55.007618046687284,
            "intellectual": 45.28235388618732,
            "liberal": 46.71343587133884,
            "imaginative": 29.37805547094644,
            "emotionally_aware": 40.38876555203737,
            "sociable": 91.74271235625534,
            "friendly": 57.71548566696485,
            "assertive": 38.47002505731281,
            "active": 94.84894834034817,
            "energetic": 58.9642051254587,
            "cheerful": 61.4416562554112,
            "self_assured": 59.242158677118766,
            "disciplined": 40.32062622062661,
            "ambitious": 80.59335552432736,
            "dutiful": 74.46420207796714,
            "cautious": 72.68885886057245,
            "organized": 73.13570098540436,
            "generous": 55.77091154037013,
            "trusting": 80.4346887875151,
            "cooperative": 88.78963992025922,
            "empathetic": 44.77763736289285,
            "genuine": 20.265487316276275,
            "humble": 40.939799821948526,
            "impulsive": 57.248083947064195,
            "stressed": 83.37690255326862,
            "anxious": 99,
            "aggressive": 40.893564959517086,
            "melancholy": 41.7380612814333,
            "self_conscious": 97.42879463178224,
            "thinking_style": 71.2577286634052,
            "power_driven": 75.51496858387459,
            "independent": 34.93387199009154,
            "cold": 31.46887869111397,
            "insecure": 62.21290007413768,
            "adjustment": 29.816921562355123,
            "happiness": 71.74265414649827,
            "persuasive": 96.18179152285994,
            "social_skills": 86.87085574238895,
            "type_a": 90.79118660033204,
            "depression": 55.102449570626334,
            "workhorse": 82.96865514131848,
            "family_oriented": 33.98397627740821,
            "reward_bias": 55.01736515151515,
            "friend_focus": 74.84537658190659,
            "body_focus": 99,
            "health_oriented": 99,
            "sexual_focus": 63.7735165358282,
            "food_focus": 92.80289921393971,
            "leisure_oriented": 93.73523859927737,
            "money_oriented": 48.839170032495225,
            "religion_oriented": 76.88160257489679,
            "work_oriented": 71.36821785646838,
            "netspeak_focus": 38.092794030327795
        },
        "raw_scores": {
            "openness": 0.7884316814603036,
            "conscientiousness": 1.3941888240448572,
            "extraversion": 1.7605394033047013,
            "agreeableness": -4.4337544607318655,
            "neuroticism": 1.8969322705640308,
            "artistic": 3.8525294598518847,
            "adventurous": 1.7341035308969626,
            "intellectual": 8.472389990919076,
            "liberal": 0.07137990850603004,
            "imaginative": -1.5393654158770147,
            "emotionally_aware": 1.1054972630470794,
            "sociable": 5.405000611328043,
            "friendly": 2.8933535872776606,
            "assertive": 1.4463294906865007,
            "active": 1.4415219510085486,
            "energetic": 1.3057774155506525,
            "cheerful": 1.7766241449437068,
            "self_assured": 1.8810274074061815,
            "disciplined": 1.1479498229542506,
            "ambitious": 6.5545484622155,
            "dutiful": -0.4705954191357661,
            "cautious": 3.7061155728972324,
            "organized": 1.13866918494399,
            "generous": -2.326294559178716,
            "trusting": 1.649531547254206,
            "cooperative": 7.92547529248932,
            "empathetic": -1.7728714235165468,
            "genuine": -2.1337549855727236,
            "humble": -1.537593239733563,
            "impulsive": 2.531233548434689,
            "stressed": 7.593657635071358,
            "anxious": 8.874045995359266,
            "aggressive": 2.380198990264722,
            "melancholy": -0.1677113307271274,
            "self_conscious": 5.55288515571505,
            "thinking_style": -0.6426176167406413,
            "power_driven": 6.604062658876178,
            "independent": -5.663128446851475,
            "cold": -1.7994881925151716,
            "insecure": 1.269423950000832,
            "adjustment": 0.05949975818431419,
            "happiness": 6.492732177990281,
            "persuasive": 2.9830497917026677,
            "social_skills": 2.6709027479064353,
            "type_a": 9.897797895928527,
            "depression": 1.073013511634643,
            "workhorse": -0.5615754888499348,
            "family_oriented": 2.7013974606950963,
            "reward_bias": 1.46351444,
            "friend_focus": 0.36843722,
            "body_focus": 1.6886706,
            "health_oriented": 2.2208577,
            "sexual_focus": 0.051171833,
            "food_focus": 1.4532801,
            "leisure_oriented": 2.1696858,
            "money_oriented": 0.45031215999999996,
            "religion_oriented": 0.2763279,
            "work_oriented": 1.8831234,
            "netspeak_focus": 0.45031215999999996
        },
        "warnings": {}
    },
    "liwc_scores": {
        "wc": 9771,
        "analytic": 55.809814,
        "clout": 74.81627,
        "authentic": 63.75129,
        "tone": 96.70052,
        "wps": 15.009216,
        "sixLtr": 0.23088732,
        "dic": 0.8268345,
        "categories": {
            "function": 0.46371916,
            "pronoun": 0.15853034,
            "ppron": 0.115853034,
            "i": 0.054753862,
            "we": 0.011360147,
            "you": 0.044110123,
            "shehe": 0.00307031,
            "they": 0.0025585918,
            "ipron": 0.04267731,
            "article": 0.039607,
            "prep": 0.12086787,
            "auxverb": 0.06652339,
            "adverb": 0.042472623,
            "conj": 0.06580698,
            "negate": 0.011667178,
            "verb": 0.1464538,
            "adj": 0.054753862,
            "compare": 0.025995292,
            "interrog": 0.015556238,
            "number": 0.016272644,
            "quant": 0.024460137,
            "affect": 0.07645072,
            "posemo": 0.06273667,
            "negemo": 0.012895303,
            "anx": 0.004298434,
            "anger": 0.002763279,
            "sad": 0.0026609355,
            "social": 0.103060074,
            "family": 0.00092109304,
            "friend": 0.0036843722,
            "female": 0.002763279,
            "male": 0.0020468733,
            "cogproc": 0.116057724,
            "insight": 0.03653669,
            "cause": 0.019547641,
            "discrep": 0.013509365,
            "tentat": 0.019649984,
            "certain": 0.017910141,
            "differ": 0.025074199,
            "percept": 0.022822639,
            "see": 0.007880462,
            "hear": 0.002456248,
            "feel": 0.010541398,
            "bio": 0.05915464,
            "body": 0.016886706,
            "health": 0.022208577,
            "sexual": 0.00051171833,