{
    "db_id": 4951,
    "content_handle": "receptiviti_web_ref_id_806f9227-39fc-4a7c-b79f-5a8703b0aaf9",
    "content_source": "4",
    "content_date": "2020-07-20T11:43:03.653684",
    "content_tags": [],
    "user_id": 283,
    "user": {
        "name": "Jana Germies",
        "email": "Jana.Germies@ruhr-uni-bochum.de",
        "first_name": "Jana",
        "last_name": "Germies",
        "company_name": "Ruhr-Universität Bochum, Germany",
        "job_title": null,
        "has_twitter_api_access": false,
        "is_on_trial": false,
        "status": "active",
        "rate_limit": "50/month"
    },
    "language": "english",
    "organa_scores": {},
    "word_count": 10015,
    "receptiviti_scores": {
        "percentiles": {
            "openness": 75.4901910392784,
            "conscientiousness": 64.10267652327248,
            "extraversion": 74.83503910550579,
            "agreeableness": 32.75260551607449,
            "neuroticism": 90.65303087142188,
            "artistic": 94.72076030868116,
            "adventurous": 33.66795896612196,
            "intellectual": 24.377408906609467,
            "liberal": 72.67631950781335,
            "imaginative": 60.09897677795747,
            "emotionally_aware": 77.45766721768298,
            "sociable": 87.9133360114925,
            "friendly": 55.00551131538818,
            "assertive": 32.58948481884172,
            "active": 82.28097656555147,
            "energetic": 62.7380616815736,
            "cheerful": 52.199479802387074,
            "self_assured": 58.24009425066165,
            "disciplined": 43.766878898401785,
            "ambitious": 24.201912980206092,
            "dutiful": 64.04596371318154,
            "cautious": 78.1177352182825,
            "organized": 64.97838022208968,
            "generous": 37.64797617532267,
            "trusting": 85.87100877126863,
            "cooperative": 85.39448268876683,
            "empathetic": 41.56849533664309,
            "genuine": 12.820470796878793,
            "humble": 60.40752179570584,
            "impulsive": 33.15744632317102,
            "stressed": 89.1115900997746,
            "anxious": 91.43723717791578,
            "aggressive": 36.2671451562065,
            "melancholy": 84.72464618836217,
            "self_conscious": 97.62770173638683,
            "thinking_style": 65.24635401225687,
            "power_driven": 28.149217415859724,
            "independent": 29.25829900831517,
            "cold": 40.29894801855157,
            "insecure": 95.74150715659944,
            "adjustment": 30.13539478572242,
            "happiness": 16.180137397888625,
            "persuasive": 99,
            "social_skills": 90.50269416404238,
            "type_a": 55.50558828840907,
            "depression": 94.6778863198155,
            "workhorse": 68.2984887639349,
            "family_oriented": 49.05922866012811,
            "reward_bias": 13.38736001317523,
            "friend_focus": 42.289310033778534,
            "body_focus": 99,
            "health_oriented": 98.16489930876155,
            "sexual_focus": 83.21002512199614,
            "food_focus": 62.08651644414461,
            "leisure_oriented": 54.45809147664181,
            "money_oriented": 45.40344833713115,
            "religion_oriented": 99,
            "work_oriented": 34.94475097394004,
            "netspeak_focus": 24.94158196981522
        },
        "raw_scores": {
            "openness": 1.4762287562136627,
            "conscientiousness": 0.8657470548224815,
            "extraversion": 1.3195605489186142,
            "agreeableness": -5.172612852665843,
            "neuroticism": 1.9433320452758909,
            "artistic": 5.481387404286355,
            "adventurous": 0.7431214103570177,
            "intellectual": 6.834548047738356,
            "liberal": 1.3177095048003746,
            "imaginative": -0.5170011543173104,
            "emotionally_aware": 2.8613127893736827,
            "sociable": 5.040159010346002,
            "friendly": 2.7717412641557457,
            "assertive": 1.216127873919544,
            "active": -0.07080601852526414,
            "energetic": 1.4976564674785506,
            "cheerful": 1.1869780226191866,
            "self_assured": 1.8340592492656826,
            "disciplined": 1.3309460280121477,
            "ambitious": 2.1162887409494417,
            "dutiful": -1.1970724267420247,
            "cautious": 4.1468387453961935,
            "organized": 0.7176936515933627,
            "generous": -2.963151590583153,
            "trusting": 2.0324688169959533,
            "cooperative": 7.378307471561627,
            "empathetic": -1.8598722914342156,
            "genuine": -2.485650542886509,
            "humble": -0.5845156352200198,
            "impulsive": 1.2803023438306773,
            "stressed": 8.329754271504877,
            "anxious": 6.04427874727328,
            "aggressive": 1.9885885581443106,
            "melancholy": 2.359615765274243,
            "self_conscious": 5.616726238387081,
            "thinking_style": -0.8510936285779565,
            "power_driven": 4.506532279570669,
            "independent": -5.959465916792792,
            "cold": -1.4251949743686043,
            "insecure": 3.599216001930643,
            "adjustment": 0.07726626618726651,
            "happiness": 3.2404938424961647,
            "persuasive": 4.545533145032081,
            "social_skills": 2.8734235161521746,
            "type_a": 7.885439744892493,
            "depression": 3.2714624382618576,
            "workhorse": -1.5863546187257294,
            "family_oriented": 3.3450755858128005,
            "reward_bias": 0.15976040000000002,
            "friend_focus": 0.09985021999999999,
            "body_focus": 1.48776835,
            "health_oriented": 1.4378432,
            "sexual_focus": 0.09985021999999999,
            "food_focus": 0.5192211999999999,
            "leisure_oriented": 0.7588617,
            "money_oriented": 0.37943085,
            "religion_oriented": 1.0584123,
            "work_oriented": 0.5292061699999999,
            "netspeak_focus": 0.03994009
        },
        "warnings": {}
    },
    "liwc_scores": {
        "wc": 10015,
        "analytic": 60.777504,
        "clout": 81.882,
        "authentic": 73.52689,
        "tone": 94.24067,
        "wps": 12.09541,
        "sixLtr": 0.17413878,
        "dic": 0.89375937,
        "categories": {
            "function": 0.5484773,
            "pronoun": 0.17953071,
            "ppron": 0.12810783,
            "i": 0.05781328,
            "we": 0.010384424,
            "you": 0.04882676,
            "shehe": 0.0076884674,
            "they": 0.0033949076,
            "ipron": 0.051422864,
            "article": 0.05901148,
            "prep": 0.15087369,
            "auxverb": 0.0876685,
            "adverb": 0.04822766,
            "conj": 0.04922616,
            "negate": 0.0119820265,
            "verb": 0.16065902,
            "adj": 0.05431852,
            "compare": 0.026260609,
            "interrog": 0.015177234,
            "number": 0.008986521,
            "quant": 0.023265103,
            "affect": 0.08087868,
            "posemo": 0.062306542,
            "negemo": 0.01777334,
            "anx": 0.004992511,
            "anger": 0.0007988018,
            "sad": 0.006789815,
            "social": 0.117224164,
            "family": 0.0016974538,
            "friend": 0.0009985022,
            "female": 0.0097853225,
            "male": 0.0003994009,
            "cogproc": 0.109535694,
            "insight": 0.036345482,
            "cause": 0.014478283,
            "discrep": 0.00868697,
            "tentat": 0.016075887,
            "certain": 0.026260609,
            "differ": 0.0155766355,
            "percept": 0.04822766,
            "see": 0.015376935,
            "hear": 0.011283075,
            "feel": 0.016774837,
            "bio": 0.04363455,
            "body": 0.0148776835,
            "health": 0.014378432,
            "sexual": 0.0009985022,