{
    "db_id": 4941,
    "content_handle": "receptiviti_web_ref_id_3171f3bb-0945-45a8-8dcb-b7d4a7f8182f",
    "content_source": "4",
    "content_date": "2020-07-20T11:14:56.566110",
    "content_tags": [],
    "user_id": 283,
    "user": {
        "name": "Jana Germies",
        "email": "Jana.Germies@ruhr-uni-bochum.de",
        "first_name": "Jana",
        "last_name": "Germies",
        "company_name": "Ruhr-Universität Bochum, Germany",
        "job_title": null,
        "has_twitter_api_access": false,
        "is_on_trial": false,
        "status": "active",
        "rate_limit": "50/month"
    },
    "language": "english",
    "organa_scores": {},
    "word_count": 9410,
    "receptiviti_scores": {
        "percentiles": {
            "openness": 72.25479866231521,
            "conscientiousness": 63.81656763585496,
            "extraversion": 75.91456864266928,
            "agreeableness": 61.410705189457765,
            "neuroticism": 59.51224190533567,
            "artistic": 82.86716225206159,
            "adventurous": 76.26330595136508,
            "intellectual": 41.686281351013754,
            "liberal": 54.3871825812551,
            "imaginative": 49.52954652862058,
            "emotionally_aware": 47.99458840156053,
            "sociable": 61.013862284028,
            "friendly": 61.45834078005874,
            "assertive": 31.657272561499035,
            "active": 75.3174358964754,
            "energetic": 77.96248066351595,
            "cheerful": 68.73993291375123,
            "self_assured": 50.71942447649403,
            "disciplined": 26.848607011863066,
            "ambitious": 51.19234622091955,
            "dutiful": 72.8870918219828,
            "cautious": 44.23035304958634,
            "organized": 72.92549979299598,
            "generous": 62.57372967075671,
            "trusting": 76.55070392509178,
            "cooperative": 77.10286129016328,
            "empathetic": 53.96802820025639,
            "genuine": 51.27577817413386,
            "humble": 36.81274055411004,
            "impulsive": 61.01158124598839,
            "stressed": 40.466005641064875,
            "anxious": 93.39867539880512,
            "aggressive": 33.58649220411947,
            "melancholy": 34.377247443310324,
            "self_conscious": 68.7656893753605,
            "thinking_style": 93.41447343386857,
            "power_driven": 35.87757600015896,
            "independent": 58.29067855988445,
            "cold": 34.147903400131405,
            "insecure": 29.654311554297653,
            "adjustment": 28.43759956834938,
            "happiness": 65.13768842288492,
            "persuasive": 95.40866718538666,
            "social_skills": 85.24392252158054,
            "type_a": 14.930078417507255,
            "depression": 22.95719858558346,
            "workhorse": 56.75490918105932,
            "family_oriented": 45.685930379283626,
            "reward_bias": 59.88185227272727,
            "friend_focus": 67.04557463784657,
            "body_focus": 79.22932864281739,
            "health_oriented": 99,
            "sexual_focus": 74.00608210426833,
            "food_focus": 99,
            "leisure_oriented": 96.89273277769352,
            "money_oriented": 49.682356729548204,
            "religion_oriented": 81.77506383645589,
            "work_oriented": 54.85963166307866,
            "netspeak_focus": 32.945094128620575
        },
        "raw_scores": {
            "openness": 1.3978888196085149,
            "conscientiousness": 0.8579775372856924,
            "extraversion": 1.3511235335641971,
            "agreeableness": -3.4405464387235405,
            "neuroticism": 1.2216268800215735,
            "artistic": 4.279692136518177,
            "adventurous": 2.799317857686242,
            "intellectual": 8.21188517045935,
            "liberal": 0.4209046132712797,
            "imaginative": -0.8596668050703019,
            "emotionally_aware": 1.4455147827115897,
            "sociable": 3.5468305265847504,
            "friendly": 3.0644340550797096,
            "assertive": 1.1782694066786032,
            "active": -0.5891737678156346,
            "energetic": 2.371841026615938,
            "cheerful": 2.2729744025763234,
            "self_assured": 1.4878566805868159,
            "disciplined": 0.37458948992991603,
            "ambitious": 4.187460427607963,
            "dutiful": -0.5870111505160986,
            "cautious": 1.790913389107466,
            "organized": 1.1272587726581407,
            "generous": -2.083592869282495,
            "trusting": 1.4136361737417715,
            "cooperative": 6.332550716921817,
            "empathetic": -1.527019271284056,
            "genuine": -1.1277956074064033,
            "humble": -1.7451086700698042,
            "impulsive": 2.7272621547155906,
            "stressed": 4.219477857175388,
            "anxious": 6.39877074597909,
            "aggressive": 1.752685561848843,
            "melancholy": -0.5632400384190228,
            "self_conscious": 2.8335582026176667,
            "thinking_style": 0.5262806137728357,
            "power_driven": 4.865571308924238,
            "independent": -4.549755881346089,
            "cold": -1.6814264211258048,
            "insecure": -0.12360716716193193,
            "adjustment": -0.019690591777254518,
            "happiness": 6.104310017004053,
            "persuasive": 2.7831461593436844,
            "social_skills": 2.593396348633668,
            "type_a": 5.89392155457621,
            "depression": -0.2113295961867523,
            "workhorse": -2.2456037587885356,
            "family_oriented": 3.2049855842205743,
            "reward_bias": 1.5940489,
            "friend_focus": 0.29755580000000004,
            "body_focus": 0.4357067,
            "health_oriented": 1.8916046,
            "sexual_focus": 0.07438895000000001,
            "food_focus": 2.5,
            "leisure_oriented": 2.5,
            "money_oriented": 0.4675877,
            "religion_oriented": 0.31880978,
            "work_oriented": 1.2539851499999999,
            "netspeak_focus": 0.29755580000000004
        },
        "warnings": {}
    },
    "liwc_scores": {
        "wc": 9410,
        "analytic": 68.96258,
        "clout": 60.814476,
        "authentic": 45.207066,
        "tone": 97.573296,
        "wps": 17.588785,
        "sixLtr": 0.2852285,
        "dic": 0.7603613,
        "categories": {
            "function": 0.41041446,
            "pronoun": 0.12433581,
            "ppron": 0.07853348,
            "i": 0.04144527,
            "we": 0.007332625,
            "you": 0.025611052,
            "shehe": 0.0018065887,
            "they": 0.0023379384,
            "ipron": 0.045802336,
            "article": 0.04686504,
            "prep": 0.10818279,
            "auxverb": 0.073326245,
            "adverb": 0.036663122,
            "conj": 0.047608927,
            "negate": 0.008820403,
            "verb": 0.13698193,
            "adj": 0.058661,
            "compare": 0.016896918,
            "interrog": 0.0111583425,
            "number": 0.01445271,
            "quant": 0.026248671,
            "affect": 0.064187035,
            "posemo": 0.05781084,
            "negemo": 0.005207226,
            "anx": 0.0015940489,
            "anger": 0.0007438895,
            "sad": 0.0024442084,
            "social": 0.06493092,
            "family": 0.0020191285,
            "friend": 0.002975558,
            "female": 0.005738576,
            "male": 0.0012752392,
            "cogproc": 0.09564293,
            "insight": 0.021785336,
            "cause": 0.017534537,
            "discrep": 0.010308183,
            "tentat": 0.021466525,
            "certain": 0.018172158,
            "differ": 0.019659936,
            "percept": 0.033368755,
            "see": 0.011370882,
            "hear": 0.0020191285,
            "feel": 0.012646121,
            "bio": 0.0706695,
            "body": 0.004357067,
            "health": 0.018916046,