{
    "db_id": 4958,
    "content_handle": "receptiviti_web_ref_id_f6d4dd9c-cafe-4262-8a1e-3b9b79388cc5",
    "content_source": "4",
    "content_date": "2020-07-20T11:52:40.223232",
    "content_tags": [],
    "user_id": 283,
    "user": {
        "name": "Jana Germies",
        "email": "Jana.Germies@ruhr-uni-bochum.de",
        "first_name": "Jana",
        "last_name": "Germies",
        "company_name": "Ruhr-Universität Bochum, Germany",
        "job_title": null,
        "has_twitter_api_access": false,
        "is_on_trial": false,
        "status": "active",
        "rate_limit": "50/month"
    },
    "language": "english",
    "organa_scores": {},
    "word_count": 9499,
    "receptiviti_scores": {
        "percentiles": {
            "openness": 85.17809876353134,
            "conscientiousness": 71.71529346493551,
            "extraversion": 93.10723916307786,
            "agreeableness": 57.6960056056423,
            "neuroticism": 82.63881209126068,
            "artistic": 94.16263082907403,
            "adventurous": 60.34239996669791,
            "intellectual": 44.2540417064997,
            "liberal": 95.8018532585989,
            "imaginative": 49.26727686045374,
            "emotionally_aware": 42.47857269520932,
            "sociable": 95.4125998622292,
            "friendly": 68.35546696637434,
            "assertive": 46.29616662161881,
            "active": 77.712367979122,
            "energetic": 97.91793003281042,
            "cheerful": 68.00718004190041,
            "self_assured": 57.083635423758665,
            "disciplined": 26.24521544523806,
            "ambitious": 58.35461416786927,
            "dutiful": 79.6072142079121,
            "cautious": 56.15685741326392,
            "organized": 69.98781785090122,
            "generous": 59.29247497476117,
            "trusting": 93.8655547969021,
            "cooperative": 92.13743083137686,
            "empathetic": 47.84777192780721,
            "genuine": 30.813589101365118,
            "humble": 51.88882323367536,
            "impulsive": 57.36430116647509,
            "stressed": 78.86483297356783,
            "anxious": 97.23161963659773,
            "aggressive": 31.180713569444702,
            "melancholy": 45.97306450542567,
            "self_conscious": 94.4372833809712,
            "thinking_style": 64.98490687376732,
            "power_driven": 60.551590460121155,
            "independent": 9.110688828632178,
            "cold": 30.178986668801635,
            "insecure": 65.33333941813012,
            "adjustment": 45.649887267228436,
            "happiness": 85.60914874897455,
            "persuasive": 98.71999164550367,
            "social_skills": 95.18585751301691,
            "type_a": 47.04877731009054,
            "depression": 52.67004152762373,
            "workhorse": 18.336052968768147,
            "family_oriented": 47.94284927444102,
            "reward_bias": 42.738407998251745,
            "friend_focus": 82.64359701510517,
            "body_focus": 81.71750534238203,
            "health_oriented": 96.88114795151404,
            "sexual_focus": 99,
            "food_focus": 79.49207382696521,
            "leisure_oriented": 96.89273277769352,
            "money_oriented": 57.130657320311414,
            "religion_oriented": 72.46568349234892,
            "work_oriented": 56.00226011658496,
            "netspeak_focus": 32.85452471524393
        },
        "raw_scores": {
            "openness": 1.7563529841427468,
            "conscientiousness": 1.0858941914266313,
            "extraversion": 2.068319423419669,
            "agreeableness": -3.6653000232567323,
            "neuroticism": 1.6889223705939305,
            "artistic": 5.391434016517056,
            "adventurous": 1.9797494851623572,
            "intellectual": 8.398393073127938,
            "liberal": 3.3663498868516557,
            "imaginative": -0.8680711382355826,
            "emotionally_aware": 1.2000736829895002,
            "sociable": 5.907921507824778,
            "friendly": 3.3966616204464293,
            "assertive": 1.7366772609332224,
            "active": -0.4212077174838281,
            "energetic": 4.860154420211564,
            "cheerful": 2.2216027723384224,
            "self_assured": 1.7793458707405927,
            "disciplined": 0.3370136119837053,
            "ambitious": 4.70262501736306,
            "dutiful": -0.05522581408239724,
            "cautious": 2.5585282342165554,
            "organized": 0.9696452606764714,
            "generous": -2.2015776397127342,
            "trusting": 2.8632101357775106,
            "cooperative": 8.593683840627142,
            "empathetic": -1.6900327561199604,
            "genuine": -1.748260822302039,
            "humble": -1.0027308336137049,
            "impulsive": 2.5373494359085127,
            "stressed": 7.126256281289038,
            "anxious": 7.4572262183952525,
            "aggressive": 1.5335739222441545,
            "melancholy": 0.05384190735550343,
            "self_conscious": 4.883460615462239,
            "thinking_style": -0.8597974652654126,
            "power_driven": 5.904659718635835,
            "independent": -7.43245429345968,
            "cold": -1.856444664652395,
            "insecure": 1.4067062709134075,
            "adjustment": 0.8798656614275795,
            "happiness": 7.50775489859606,
            "persuasive": 4.083624177068324,
            "social_skills": 3.246588847473441,
            "type_a": 7.526237060784077,
            "depression": 0.9816580344456969,
            "workhorse": -4.55241955237465,
            "family_oriented": 3.2988853887299974,
            "reward_bias": 1.13696173,
            "friend_focus": 0.4526792,
            "body_focus": 0.46320665000000005,
            "health_oriented": 1.315928,
            "sexual_focus": 0.8632488,
            "food_focus": 0.9369407,
            "leisure_oriented": 2.5,
            "money_oriented": 0.62111802,
            "religion_oriented": 0.24213076,
            "work_oriented": 1.2948731999999998,
            "netspeak_focus": 0.29476788
        },
        "warnings": {}
    },
    "liwc_scores": {
        "wc": 9499,
        "analytic": 53.227257,
        "clout": 80.26857,
        "authentic": 54.082054,
        "tone": 99,
        "wps": 18.58904,
        "sixLtr": 0.20612696,
        "dic": 0.83598274,
        "categories": {
            "function": 0.45825878,
            "pronoun": 0.15148963,
            "ppron": 0.100642174,
            "i": 0.041162226,
            "we": 0.010316876,
            "you": 0.044109907,
            "shehe": 0.0014738394,
            "they": 0.003579324,
            "ipron": 0.05063691,
            "article": 0.041267503,
            "prep": 0.11211707,
            "auxverb": 0.07863986,
            "adverb": 0.04316244,
            "conj": 0.058743026,
            "negate": 0.015054217,
            "verb": 0.15348984,
            "adj": 0.057479735,
            "compare": 0.02231814,
            "interrog": 0.015370039,
            "number": 0.015580587,
            "quant": 0.024213076,
            "affect": 0.08916728,
            "posemo": 0.07758711,
            "negemo": 0.01115907,
            "anx": 0.0029476788,
            "anger": 0.00063164544,
            "sad": 0.0050531635,
            "social": 0.11685441,
            "family": 0.0025265818,
            "friend": 0.004526792,
            "female": 0.0033687756,
            "male": 0.001789662,
            "cogproc": 0.117275506,
            "insight": 0.025476366,
            "cause": 0.01863354,
            "discrep": 0.013475102,
            "tentat": 0.0241078,
            "certain": 0.022949785,
            "differ": 0.029897884,
            "percept": 0.038951468,
            "see": 0.019265186,
            "hear": 0.008211391,
            "feel": 0.008843036,
            "bio": 0.046320666,
            "body": 0.0046320665,
            "health": 0.01315928,
            "sexual": 0.008632488,