{
    "db_id": 4946,
    "content_handle": "receptiviti_web_ref_id_39f18b4e-5532-4ce7-a9d4-53fcd46e5971",
    "content_source": "4",
    "content_date": "2020-07-20T11:35:19.047544",
    "content_tags": [],
    "user_id": 283,
    "user": {
        "name": "Jana Germies",
        "email": "Jana.Germies@ruhr-uni-bochum.de",
        "first_name": "Jana",
        "last_name": "Germies",
        "company_name": "Ruhr-Universität Bochum, Germany",
        "job_title": null,
        "has_twitter_api_access": false,
        "is_on_trial": false,
        "status": "active",
        "rate_limit": "50/month"
    },
    "language": "english",
    "organa_scores": {},
    "word_count": 9813,
    "receptiviti_scores": {
        "percentiles": {
            "openness": 70.93299627668883,
            "conscientiousness": 48.06626228263815,
            "extraversion": 67.27620664606582,
            "agreeableness": 61.03054112998214,
            "neuroticism": 61.35461241128063,
            "artistic": 75.85511141342923,
            "adventurous": 82.54049659988753,
            "intellectual": 29.938898231395935,
            "liberal": 58.22796350431977,
            "imaginative": 44.47493827407997,
            "emotionally_aware": 55.71038738799763,
            "sociable": 49.58653297171431,
            "friendly": 62.22410451463099,
            "assertive": 41.570520459619964,
            "active": 47.51662000799832,
            "energetic": 75.14481291706986,
            "cheerful": 77.86076163753344,
            "self_assured": 66.78651717239863,
            "disciplined": 34.83913084981507,
            "ambitious": 62.37977603669399,
            "dutiful": 42.82931646293891,
            "cautious": 34.470265522181066,
            "organized": 54.84499821685745,
            "generous": 63.64650325545624,
            "trusting": 74.01502357188365,
            "cooperative": 61.71972954428538,
            "empathetic": 58.40583125559638,
            "genuine": 54.09601649126017,
            "humble": 29.074085863593805,
            "impulsive": 75.05945329639489,
            "stressed": 29.077792081313074,
            "anxious": 96.7130122747405,
            "aggressive": 40.2883643700159,
            "melancholy": 31.924938867200577,
            "self_conscious": 52.1432672110986,
            "thinking_style": 79.40875460868786,
            "power_driven": 51.004564769827944,
            "independent": 82.98461304351363,
            "cold": 53.45453337074592,
            "insecure": 24.698133938258422,
            "adjustment": 4.0984728978410905,
            "happiness": 76.10364727674212,
            "persuasive": 84.32335847875241,
            "social_skills": 80.93153978157359,
            "type_a": 5.1488251064492285,
            "depression": 10.47381999041231,
            "workhorse": 37.037139044637364,
            "family_oriented": 29.78170068364986,
            "reward_bias": 81.1314799600737,
            "friend_focus": 89.49063386544817,
            "body_focus": 61.310646675564875,
            "health_oriented": 44.99408840464115,
            "sexual_focus": 63.66790624633137,
            "food_focus": 99,
            "leisure_oriented": 81.54318350788854,
            "money_oriented": 51.232011247344076,
            "religion_oriented": 54.49692796473912,
            "work_oriented": 37.11990515462299,
            "netspeak_focus": 77.68651062795485
        },
        "raw_scores": {
            "openness": 1.3665764109084888,
            "conscientiousness": 0.44426214141228576,
            "extraversion": 1.1165287333122422,
            "agreeableness": -3.46378846876178,
            "neuroticism": 1.2533191248888773,
            "artistic": 3.836555533070018,
            "adventurous": 3.2000462032719,
            "intellectual": 7.313292842448248,
            "liberal": 0.5988396003202204,
            "imaginative": -1.0229216161089603,
            "emotionally_aware": 1.7868515678991543,
            "sociable": 3.0615082256047175,
            "friendly": 3.1001974876107843,
            "assertive": 1.5618006494087082,
            "active": -2.188957881488333,
            "energetic": 2.191198215225085,
            "cheerful": 2.970764042647155,
            "self_assured": 2.244901913439472,
            "disciplined": 0.8482869909352397,
            "ambitious": 4.998056565544977,
            "dutiful": -2.5120656447974623,
            "cautious": 1.1411938914516613,
            "organized": 0.24281200882113485,
            "generous": -2.044367886881002,
            "trusting": 1.2709993898882113,
            "cooperative": 4.837102994226371,
            "empathetic": -1.40625487423264,
            "genuine": -1.0456254288763893,
            "humble": -2.15870012058179,
            "impulsive": 3.5299928927610362,
            "stressed": 3.35701159520227,
            "anxious": 7.259192401851106,
            "aggressive": 2.330984713787104,
            "melancholy": -0.7031834408758356,
            "self_conscious": 2.024930733824849,
            "thinking_style": -0.32205820042956346,
            "power_driven": 5.504283052358858,
            "independent": -3.1610023704626418,
            "cold": -0.9018050218583421,
            "insecure": -0.3703548683459795,
            "adjustment": -2.305220210390643,
            "happiness": 6.772013189795844,
            "persuasive": 1.206557725945204,
            "social_skills": 2.4124409517684384,
            "type_a": 4.891954692950508,
            "depression": -0.9732791729793835,
            "workhorse": -3.322975075704596,
            "family_oriented": 2.506302724311775,
            "reward_bias": 2.2623051849999998,
            "friend_focus": 0.55029043,
            "body_focus": 0.27514521000000003,
            "health_oriented": 0.27514521000000003,
            "sexual_focus": 0.050952815000000005,
            "food_focus": 2.5,
            "leisure_oriented": 1.5387751,
            "money_oriented": 0.49933763000000003,
            "religion_oriented": 0.12228676000000001,
            "work_oriented": 0.6114338,
            "netspeak_focus": 1.6202996
        },
        "warnings": {}
    },
    "liwc_scores": {
        "wc": 9813,
        "analytic": 69.7604,
        "clout": 54.504433,
        "authentic": 32.47429,
        "tone": 96.38331,
        "wps": 17.712996,
        "sixLtr": 0.1571385,
        "dic": 0.755936,
        "categories": {
            "function": 0.41689596,
            "pronoun": 0.11556099,
            "ppron": 0.0631815,
            "i": 0.03474982,
            "we": 0.0015285845,
            "you": 0.022317335,
            "shehe": 0.0014266788,
            "they": 0.0031590748,
            "ipron": 0.052379496,
            "article": 0.046570875,
            "prep": 0.11535718,
            "auxverb": 0.062162437,
            "adverb": 0.044430856,
            "conj": 0.06389483,
            "negate": 0.008458167,
            "verb": 0.12340772,
            "adj": 0.057984307,
            "compare": 0.01844492,
            "interrog": 0.009171507,
            "number": 0.020177316,
            "quant": 0.023030674,
            "affect": 0.067155816,
            "posemo": 0.05767859,
            "negemo": 0.008661979,
            "anx": 0.0010190563,
            "anger": 0.0016304902,
            "sad": 0.0016304902,
            "social": 0.05625191,
            "family": 0.0017323958,
            "friend": 0.0055029043,
            "female": 0.0031590748,
            "male": 0.002241924,
            "cogproc": 0.10323041,
            "insight": 0.017833486,
            "cause": 0.02333639,
            "discrep": 0.010700092,
            "tentat": 0.024864975,
            "certain": 0.016406808,
            "differ": 0.024559258,
            "percept": 0.038316518,
            "see": 0.0073372056,
            "hear": 0.0027514521,
            "feel": 0.010598186,
            "bio": 0.07755019,
            "body": 0.0027514521,