{
    "db_id": 4929,
    "content_handle": "receptiviti_web_ref_id_4c531e33-eaaa-42d2-8c63-1a47316d7c0d",
    "content_source": "4",
    "content_date": "2020-07-20T10:52:22.050384",
    "content_tags": [],
    "user_id": 283,
    "user": {
        "name": "Jana Germies",
        "email": "Jana.Germies@ruhr-uni-bochum.de",
        "first_name": "Jana",
        "last_name": "Germies",
        "company_name": "Ruhr-Universität Bochum, Germany",
        "job_title": null,
        "has_twitter_api_access": false,
        "is_on_trial": false,
        "status": "active",
        "rate_limit": "50/month"
    },
    "language": "english",
    "organa_scores": {},
    "word_count": 9856,
    "receptiviti_scores": {
        "percentiles": {
            "openness": 66.42457023014705,
            "conscientiousness": 57.69094512681787,
            "extraversion": 46.10858991701924,
            "agreeableness": 60.420836379830675,
            "neuroticism": 42.76425767480741,
            "artistic": 74.60919487506096,
            "adventurous": 82.29200434168112,
            "intellectual": 10.419143690891238,
            "liberal": 51.86371063488006,
            "imaginative": 58.188706527463395,
            "emotionally_aware": 29.210512796156802,
            "sociable": 18.63050365311023,
            "friendly": 18.22443162142174,
            "assertive": 37.80377153929401,
            "active": 68.60521525279314,
            "energetic": 54.330653165871695,
            "cheerful": 56.767147876073075,
            "self_assured": 35.91807434955763,
            "disciplined": 44.965927182262924,
            "ambitious": 35.435187405800605,
            "dutiful": 63.71250711429507,
            "cautious": 39.32198262928596,
            "organized": 79.38826927004651,
            "generous": 63.405243552406354,
            "trusting": 32.279640892822364,
            "cooperative": 34.31027373541773,
            "empathetic": 52.80136025568056,
            "genuine": 68.61725844974576,
            "humble": 34.00589817637369,
            "impulsive": 37.307550689094455,
            "stressed": 17.196410392758768,
            "anxious": 89.32755263281115,
            "aggressive": 33.85149834139688,
            "melancholy": 52.11774640488812,
            "self_conscious": 38.51238313624168,
            "thinking_style": 97.95908613823109,
            "power_driven": 19.72954031904114,
            "independent": 99,
            "cold": 50.30720539305489,
            "insecure": 28.66370417576903,
            "adjustment": 17.279880514249147,
            "happiness": 27.36488192092593,
            "persuasive": 89.76318566152497,
            "social_skills": 44.495680464072166,
            "type_a": 1,
            "depression": 20.799381464897387,
            "workhorse": 68.45980925449314,
            "family_oriented": 31.71046548629119,
            "reward_bias": 66.3549807224026,
            "friend_focus": 50.25841819729428,
            "body_focus": 71.99846712587552,
            "health_oriented": 60.26451744209257,
            "sexual_focus": 58.66827324809075,
            "food_focus": 99,
            "leisure_oriented": 61.34209942915138,
            "money_oriented": 41.3283021950487,
            "religion_oriented": 39.80553398831063,
            "work_oriented": 36.778514826295286,
            "netspeak_focus": 40.09018270596946
        },
        "raw_scores": {
            "openness": 1.2659888809797124,
            "conscientiousness": 0.6938960982063342,
            "extraversion": 0.6161670290817612,
            "agreeableness": -3.50106389173844,
            "neuroticism": 0.9389296611648352,
            "artistic": 3.765858536983842,
            "adventurous": 3.1825046114404136,
            "intellectual": 5.225860353816245,
            "liberal": 0.30549272951059586,
            "imaginative": -0.5793818188960786,
            "emotionally_aware": 0.5710083302665714,
            "sociable": 1.585030254276177,
            "friendly": 0.9371454159946435,
            "assertive": 1.4209200541106375,
            "active": -1.0162414963941164,
            "energetic": 1.0734787253669547,
            "cheerful": 1.4754004197015484,
            "self_assured": 0.7996660058267255,
            "disciplined": 1.3931710883462278,
            "ambitious": 3.042870750262401,
            "dutiful": -1.2183096227439552,
            "cautious": 1.4702567417711485,
            "organized": 1.5058172280608275,
            "generous": -2.0530565395186517,
            "trusting": -0.6794892433048711,
            "cooperative": 2.478536695863595,
            "empathetic": -1.5580935594879293,
            "genuine": -0.6001186198081383,
            "humble": -1.8900165079865132,
            "impulsive": 1.5067812613504803,
            "stressed": 2.2542494698433035,
            "anxious": 5.72700997967713,
            "aggressive": 1.7768215851750324,
            "melancholy": 0.36870913099823455,
            "self_conscious": 1.3843855690830913,
            "thinking_style": 1.189854705059936,
            "power_driven": 4.054939214169997,
            "independent": -0.5702609487066971,
            "cold": -1.025888427378811,
            "insecure": -0.17153355442470608,
            "adjustment": -0.7483110300166045,
            "happiness": 4.041524524781034,
            "persuasive": 1.8119465895650517,
            "social_skills": 1.3404913562631071,
            "type_a": 3.411133740875278,
            "depression": -0.3189425110157398,
            "workhorse": -1.5766386082203876,
            "family_oriented": 2.5960429706347337,
            "reward_bias": 1.77556807,
            "friend_focus": 0.16233766,
            "body_focus": 0.36525973,
            "health_oriented": 0.47686687,
            "sexual_focus": 0.040584416,
            "food_focus": 2.5,
            "leisure_oriented": 0.9334415,
            "money_oriented": 0.294237,
            "religion_oriented": 0.03043831,
            "work_oriented": 0.5986201,
            "netspeak_focus": 0.5073052
        },
        "warnings": {}
    },
    "liwc_scores": {
        "wc": 9856,
        "analytic": 92.00822,
        "clout": 59.33617,
        "authentic": 11.222392,
        "tone": 57.62026,
        "wps": 16.620573,
        "sixLtr": 0.18506494,
        "dic": 0.59314126,
        "categories": {
            "function": 0.29291803,
            "pronoun": 0.050223213,
            "ppron": 0.03733766,
            "i": 0.013392857,
            "we": 0.002232143,
            "you": 0.0149147725,
            "shehe": 0.0048701297,
            "they": 0.0019277597,
            "ipron": 0.012885552,
            "article": 0.04291802,
            "prep": 0.10805601,
            "auxverb": 0.026785715,
            "adverb": 0.019074675,
            "conj": 0.060978085,
            "negate": 0.0021306819,
            "verb": 0.057325486,
            "adj": 0.04017857,
            "compare": 0.010146104,
            "interrog": 0.0032467532,
            "number": 0.089590095,
            "quant": 0.029626623,
            "affect": 0.029119318,
            "posemo": 0.022727273,
            "negemo": 0.00588474,
            "anx": 0.0011160715,
            "anger": 0.0005073052,
            "sad": 0.002739448,
            "social": 0.039163962,
            "family": 0.0009131493,
            "friend": 0.0016233766,
            "female": 0.0016233766,
            "male": 0.0055803573,
            "cogproc": 0.054586038,
            "insight": 0.0048701297,
            "cause": 0.013798702,
            "discrep": 0.008319805,
            "tentat": 0.017045455,
            "certain": 0.009232954,
            "differ": 0.016943993,
            "percept": 0.056107953,
            "see": 0.010044643,
            "hear": 0.0009131493,
            "feel": 0.012885552,
            "bio": 0.09588068,
            "body": 0.0036525973,
            "health": 0.0047686687,
            "sexual": 0.00040584416,