{
    "db_id": 4932,
    "content_handle": "receptiviti_web_ref_id_7b815d05-c1b2-4009-bdff-bef32f33ae6d",
    "content_source": "4",
    "content_date": "2020-07-20T10:59:39.574897",
    "content_tags": [],
    "user_id": 283,
    "user": {
        "name": "Jana Germies",
        "email": "Jana.Germies@ruhr-uni-bochum.de",
        "first_name": "Jana",
        "last_name": "Germies",
        "company_name": "Ruhr-Universität Bochum, Germany",
        "job_title": null,
        "has_twitter_api_access": false,
        "is_on_trial": false,
        "status": "active",
        "rate_limit": "50/month"
    },
    "language": "english",
    "organa_scores": {},
    "word_count": 9756,
    "receptiviti_scores": {
        "percentiles": {
            "openness": 51.6870358179888,
            "conscientiousness": 60.48170186816999,
            "extraversion": 65.02888519220853,
            "agreeableness": 39.699242627400935,
            "neuroticism": 62.88131554960106,
            "artistic": 75.40146268165778,
            "adventurous": 74.18009597533123,
            "intellectual": 18.96246152798489,
            "liberal": 23.886069959235243,
            "imaginative": 54.41609353966754,
            "emotionally_aware": 23.878040257429742,
            "sociable": 49.82114586229365,
            "friendly": 38.38196575644241,
            "assertive": 64.33898666375603,
            "active": 57.417658608534836,
            "energetic": 76.50703558422686,
            "cheerful": 56.31758859477818,
            "self_assured": 14.572457397151025,
            "disciplined": 53.85318283692064,
            "ambitious": 46.787542027309115,
            "dutiful": 74.55719851258581,
            "cautious": 41.579893302688774,
            "organized": 76.41129161100383,
            "generous": 39.77691311404551,
            "trusting": 42.823087063052505,
            "cooperative": 73.14562830357346,
            "empathetic": 48.1186774081625,
            "genuine": 40.260554653176754,
            "humble": 43.15569817313688,
            "impulsive": 44.613231167323626,
            "stressed": 54.25841978879332,
            "anxious": 91.7668711632315,
            "aggressive": 46.59370556895066,
            "melancholy": 39.747691196777296,
            "self_conscious": 69.03925569832408,
            "thinking_style": 92.42213227927022,
            "power_driven": 45.9599060198742,
            "independent": 80.4333034754765,
            "cold": 11.887910265815902,
            "insecure": 40.64000034250893,
            "adjustment": 56.09350005897581,
            "happiness": 62.90106766200893,
            "persuasive": 98.72469808680312,
            "social_skills": 80.86274541206305,
            "type_a": 46.08799352420809,
            "depression": 14.149933125206115,
            "workhorse": 56.105185398003506,
            "family_oriented": 46.60018272187474,
            "reward_bias": 57.78887623834498,
            "friend_focus": 59.58148959042454,
            "body_focus": 54.926221964987455,
            "health_oriented": 61.37870726091733,
            "sexual_focus": 84.03891797185699,
            "food_focus": 99,
            "leisure_oriented": 76.14672215346799,
            "money_oriented": 58.76800937408828,
            "religion_oriented": 62.65951562530527,
            "work_oriented": 50.76660191284702,
            "netspeak_focus": 34.27710765846884
        },
        "raw_scores": {
            "openness": 0.964063908426469,
            "conscientiousness": 0.7676193087037583,
            "extraversion": 1.0596511753518127,
            "agreeableness": -4.734996856968924,
            "neuroticism": 1.2804405478639296,
            "artistic": 3.810559341292639,
            "adventurous": 2.6796622086564983,
            "intellectual": 6.30650536394805,
            "liberal": -1.0697489075869338,
            "imaginative": -0.7025458960986883,
            "emotionally_aware": 0.28383165776481584,
            "sociable": 3.07133425336135,
            "friendly": 2.023562801893534,
            "assertive": 2.4035001261631366,
            "active": -1.655276026378332,
            "energetic": 2.277665183612428,
            "cheerful": 1.4472597282567388,
            "self_assured": -0.46426892078693305,
            "disciplined": 1.8564543682655605,
            "ambitious": 3.8747457586867835,
            "dutiful": -0.46357090722185057,
            "cautious": 1.6178292020338918,
            "organized": 1.3241399759741572,
            "generous": -2.885993108400004,
            "trusting": -0.18539623206224087,
            "cooperative": 5.912094214268958,
            "empathetic": -1.6828171683327864,
            "genuine": -1.4517891331586397,
            "humble": -1.4266539390702135,
            "impulsive": 1.8873522410052759,
            "stressed": 5.189753325927503,
            "anxious": 6.098270874279665,
            "aggressive": 2.85348671347622,
            "melancholy": -0.2717140539924181,
            "self_conscious": 2.847769198355799,
            "thinking_style": 0.4353197261241526,
            "power_driven": 5.295759248293832,
            "independent": -3.339862806806273,
            "cold": -2.9001668065620327,
            "insecure": 0.3661870141199305,
            "adjustment": 1.3922262807659518,
            "happiness": 5.98066261755217,
            "persuasive": 4.086589009177795,
            "social_skills": 2.409823188419823,
            "type_a": 7.485619926235897,
            "depression": -0.7034895490015962,
            "workhorse": -2.2805426552223618,
            "family_oriented": 3.243332560117567,
            "reward_bias": 1.537515386,
            "friend_focus": 0.23575237000000002,
            "body_focus": 0.22550225,
            "health_oriented": 0.4920049,
            "sexual_focus": 0.10250102000000001,
            "food_focus": 2.5,
            "leisure_oriented": 1.3530135,
            "money_oriented": 0.6560066,
            "religion_oriented": 0.17425175,
            "work_oriented": 1.1070111,
            "netspeak_focus": 0.33825338
        },
        "warnings": {}
    },
    "liwc_scores": {
        "wc": 9756,
        "analytic": 87.31444,
        "clout": 74.75021,
        "authentic": 29.467976,
        "tone": 85.46914,
        "wps": 37.37931,
        "sixLtr": 0.16605166,
        "dic": 0.7577901,
        "categories": {
            "function": 0.4302993,
            "pronoun": 0.08856089,
            "ppron": 0.05309553,
            "i": 0.012402624,
            "we": 0.021422714,
            "you": 0.010865109,
            "shehe": 0.0023575237,
            "they": 0.0060475604,
            "ipron": 0.035465356,
            "article": 0.072673224,
            "prep": 0.1405289,
            "auxverb": 0.045305453,
            "adverb": 0.03925789,
            "conj": 0.0805658,
            "negate": 0.0047150473,
            "verb": 0.09686347,
            "adj": 0.05791308,
            "compare": 0.020807708,
            "interrog": 0.0054325545,
            "number": 0.04202542,
            "quant": 0.03105781,
            "affect": 0.053505536,
            "posemo": 0.043665435,
            "negemo": 0.009532595,
            "anx": 0.0017425175,
            "anger": 0.004510045,
            "sad": 0.0016400164,
            "social": 0.06703567,
            "family": 0.0035875358,
            "friend": 0.0023575237,
            "female": 0.0051250514,
            "male": 0.0010250102,
            "cogproc": 0.07298073,
            "insight": 0.012710127,
            "cause": 0.015580156,
            "discrep": 0.00799508,
            "tentat": 0.01701517,
            "certain": 0.0141451415,
            "differ": 0.015580156,
            "percept": 0.044895448,
            "see": 0.008302583,
            "hear": 0.0011275113,
            "feel": 0.016605167,
            "bio": 0.057708077,
            "body": 0.0022550225,
            "health": 0.004920049,