{
    "db_id": 4954,
    "content_handle": "receptiviti_web_ref_id_b24bc3d7-fcd1-4b11-a502-f0b52b15e932",
    "content_source": "4",
    "content_date": "2020-07-20T11:47:41.201734",
    "content_tags": [],
    "user_id": 283,
    "user": {
        "name": "Jana Germies",
        "email": "Jana.Germies@ruhr-uni-bochum.de",
        "first_name": "Jana",
        "last_name": "Germies",
        "company_name": "Ruhr-Universität Bochum, Germany",
        "job_title": null,
        "has_twitter_api_access": false,
        "is_on_trial": false,
        "status": "active",
        "rate_limit": "50/month"
    },
    "language": "english",
    "organa_scores": {},
    "word_count": 9809,
    "receptiviti_scores": {
        "percentiles": {
            "openness": 46.43394534731706,
            "conscientiousness": 53.119746833686385,
            "extraversion": 66.46965738392939,
            "agreeableness": 51.86051822087515,
            "neuroticism": 68.96170381982418,
            "artistic": 81.59539718327584,
            "adventurous": 71.55115405110101,
            "intellectual": 21.823830699936433,
            "liberal": 17.431892660807176,
            "imaginative": 52.08321667468455,
            "emotionally_aware": 15.274988547252413,
            "sociable": 63.16527908412214,
            "friendly": 37.92414336695685,
            "assertive": 48.32262210642932,
            "active": 70.03945878973616,
            "energetic": 66.89655174934963,
            "cheerful": 57.006414719581876,
            "self_assured": 6.556355261761285,
            "disciplined": 45.048859611519276,
            "ambitious": 42.314157923677186,
            "dutiful": 78.59197144339424,
            "cautious": 43.49676559184814,
            "organized": 68.32931714015814,
            "generous": 51.00245487469657,
            "trusting": 37.23864439208692,
            "cooperative": 82.44550125703371,
            "empathetic": 48.36011342021358,
            "genuine": 52.77514665073302,
            "humble": 44.60447846639215,
            "impulsive": 43.61966364380668,
            "stressed": 57.42475760899492,
            "anxious": 96.21396777656047,
            "aggressive": 41.62785593343747,
            "melancholy": 42.22219765831155,
            "self_conscious": 77.97046767561359,
            "thinking_style": 92.90347329738638,
            "power_driven": 30.851143789355714,
            "independent": 76.28331735993963,
            "cold": 13.316298530231617,
            "insecure": 41.24599411402669,
            "adjustment": 46.55225174208668,
            "happiness": 56.361608308541754,
            "persuasive": 97.05643050790917,
            "social_skills": 52.62980771070756,
            "type_a": 32.457663084603794,
            "depression": 18.198607018016244,
            "workhorse": 59.19562046821105,
            "family_oriented": 46.36032509598619,
            "reward_bias": 54.067576850233095,
            "friend_focus": 60.70091390061526,
            "body_focus": 57.42410800755442,
            "health_oriented": 41.924243750863354,
            "sexual_focus": 43.574963241622626,
            "food_focus": 99,
            "leisure_oriented": 84.1785179170093,
            "money_oriented": 52.23711840741044,
            "religion_oriented": 38.24447888368396,
            "work_oriented": 51.74380655574503,
            "netspeak_focus": 39.815088065763454
        },
        "raw_scores": {
            "openness": 0.8601872356213962,
            "conscientiousness": 0.5744189314864014,
            "extraversion": 1.0957957728420649,
            "agreeableness": -4.01232964566561,
            "neuroticism": 1.3914861425925624,
            "artistic": 4.192321078343806,
            "adventurous": 2.5365804198443476,
            "intellectual": 6.595200251249997,
            "liberal": -1.4832137213909378,
            "imaginative": -0.7778354028659866,
            "emotionally_aware": -0.26969014023960924,
            "sociable": 3.6422153858589708,
            "friendly": 2.0022843915449435,
            "assertive": 1.8101569421035484,
            "active": -0.9300649911706137,
            "energetic": 1.7176089491083095,
            "cheerful": 1.490393670385904,
            "self_assured": -1.294462973118359,
            "disciplined": 1.397576321376633,
            "ambitious": 3.5523749407388796,
            "dutiful": -0.1422928541602304,
            "cautious": 1.744012758775025,
            "organized": 0.8856183106330965,
            "generous": -2.4928044412488264,
            "trusting": -0.4415828483763917,
            "cooperative": 6.971447042885006,
            "empathetic": -1.6763865020441049,
            "genuine": -1.0841695698849432,
            "humble": -1.3566479335929282,
            "impulsive": 1.8370771281748046,
            "stressed": 5.413666450950597,
            "anxious": 7.093156843918679,
            "aggressive": 2.441953024668741,
            "melancholy": -0.141915295495202,
            "self_conscious": 3.3559725612736098,
            "thinking_style": 0.4774577628730965,
            "power_driven": 4.6360458564478515,
            "independent": -3.6054425341367597,
            "cold": -2.790757072019938,
            "insecure": 0.39157475164478034,
            "adjustment": 0.924591180257841,
            "happiness": 5.628203712459598,
            "persuasive": 3.252005898742952,
            "social_skills": 1.5564926687554475,
            "type_a": 6.88128143172982,
            "depression": -0.4585089766127637,
            "workhorse": -2.1100525093219513,
            "family_oriented": 3.2334084508464285,
            "reward_bias": 1.43745539,
            "friend_focus": 0.24467324999999998,
            "body_focus": 0.24467324999999998,
            "health_oriented": 0.23447855,
            "sexual_focus": 0.010194719,
            "food_focus": 2.5,
            "leisure_oriented": 1.6413499000000003,
            "money_oriented": 0.51993066,
            "religion_oriented": 0.020389438,
            "work_oriented": 1.1418085999999998,
            "netspeak_focus": 0.4995412
        },
        "warnings": {}
    },
    "liwc_scores": {
        "wc": 9809,
        "analytic": 81.317314,
        "clout": 74.66697,
        "authentic": 21.623337,
        "tone": 78.904335,
        "wps": 21.185745,
        "sixLtr": 0.17381996,
        "dic": 0.6999694,
        "categories": {
            "function": 0.41268224,
            "pronoun": 0.09950046,
            "ppron": 0.067998774,
            "i": 0.01855439,
            "we": 0.022428382,
            "you": 0.017432969,
            "shehe": 0.0037720462,
            "they": 0.00581099,
            "ipron": 0.03150168,
            "article": 0.05331838,
            "prep": 0.1289632,
            "auxverb": 0.052502804,
            "adverb": 0.03190947,
            "conj": 0.07340198,
            "negate": 0.005403201,
            "verb": 0.09532063,
            "adj": 0.043633398,
            "compare": 0.01559792,
            "interrog": 0.005709043,
            "number": 0.064124785,
            "quant": 0.02324396,
            "affect": 0.041594453,
            "posemo": 0.03496789,
            "negemo": 0.005912937,
            "anx": 0.0018350495,
            "anger": 0.0019369966,
            "sad": 0.0012233662,
            "social": 0.07646039,
            "family": 0.0025486797,
            "friend": 0.0024467325,
            "female": 0.002140891,
            "male": 0.0033642573,
            "cogproc": 0.08298501,
            "insight": 0.013355082,
            "cause": 0.017229075,
            "discrep": 0.012947293,
            "tentat": 0.024977062,
            "certain": 0.0090733,
            "differ": 0.025588745,
            "percept": 0.034662046,
            "see": 0.012233663,
            "hear": 0.0023447855,
            "feel": 0.008869406,
            "bio": 0.054032013,
            "body": 0.0024467325,