{
    "db_id": 4959,
    "content_handle": "receptiviti_web_ref_id_8557579c-dd9e-4736-b069-ac52f421bd9e",
    "content_source": "4",
    "content_date": "2020-07-20T11:53:59.681999",
    "content_tags": [],
    "user_id": 283,
    "user": {
        "name": "Jana Germies",
        "email": "Jana.Germies@ruhr-uni-bochum.de",
        "first_name": "Jana",
        "last_name": "Germies",
        "company_name": "Ruhr-Universität Bochum, Germany",
        "job_title": null,
        "has_twitter_api_access": false,
        "is_on_trial": false,
        "status": "active",
        "rate_limit": "50/month"
    },
    "language": "english",
    "organa_scores": {},
    "word_count": 9342,
    "receptiviti_scores": {
        "percentiles": {
            "openness": 73.90388807768717,
            "conscientiousness": 72.62176814527459,
            "extraversion": 73.04744304930168,
            "agreeableness": 42.80431487180718,
            "neuroticism": 76.77214167398084,
            "artistic": 95.70677624830806,
            "adventurous": 54.031952375282856,
            "intellectual": 46.43153492544431,
            "liberal": 87.24974131440243,
            "imaginative": 36.80274817754417,
            "emotionally_aware": 42.94259330848321,
            "sociable": 75.36088858231199,
            "friendly": 53.759951597515936,
            "assertive": 38.963981233875195,
            "active": 67.82637434265555,
            "energetic": 87.86319456677087,
            "cheerful": 49.21961830312018,
            "self_assured": 56.61093290255476,
            "disciplined": 62.58973467522757,
            "ambitious": 66.57863765657991,
            "dutiful": 69.09117358564477,
            "cautious": 64.90087130424642,
            "organized": 58.1885458087461,
            "generous": 53.32641668239225,
            "trusting": 58.5814493213892,
            "cooperative": 78.8717713186117,
            "empathetic": 46.85891685581007,
            "genuine": 25.9315418441165,
            "humble": 40.514097029891545,
            "impulsive": 43.04363967557588,
            "stressed": 64.30925758133549,
            "anxious": 94.01296183548155,
            "aggressive": 48.50021947727522,
            "melancholy": 43.55545043709889,
            "self_conscious": 92.614312512582,
            "thinking_style": 84.05757915799863,
            "power_driven": 71.48202480622902,
            "independent": 77.19981973884097,
            "cold": 55.64382193445005,
            "insecure": 56.31639605791082,
            "adjustment": 8.784507170072935,
            "happiness": 53.97432350381007,
            "persuasive": 87.82447911311169,
            "social_skills": 79.91168692568804,
            "type_a": 59.07503882080064,
            "depression": 47.80692623275397,
            "workhorse": 77.83943957471442,
            "family_oriented": 20.88278590168019,
            "reward_bias": 39.88703124999999,
            "friend_focus": 51.40729266787597,
            "body_focus": 77.46596312310294,
            "health_oriented": 50.11282667968971,
            "sexual_focus": 54.50645905255142,
            "food_focus": 99,
            "leisure_oriented": 76.9973620300264,
            "money_oriented": 46.713722172200676,
            "religion_oriented": 50.32469955869844,
            "work_oriented": 79.39312117233042,
            "netspeak_focus": 37.34352631597033
        },
        "raw_scores": {
            "openness": 1.437020509249108,
            "conscientiousness": 1.1139106225013646,
            "extraversion": 1.269560167360473,
            "agreeableness": -4.547513962764074,
            "neuroticism": 1.5496021916508769,
            "artistic": 5.660553782349641,
            "adventurous": 1.688201123641946,
            "intellectual": 8.556229417404664,
            "liberal": 2.29038090628732,
            "imaginative": -1.2767176151084103,
            "emotionally_aware": 1.2213123454225463,
            "sociable": 4.227307153831447,
            "friendly": 2.7146536065981506,
            "assertive": 1.4649568784300238,
            "active": -1.062992207096763,
            "energetic": 3.151320650675151,
            "cheerful": 1.0004500907353138,
            "self_assured": 1.757689747863247,
            "disciplined": 2.322668437291153,
            "ambitious": 5.318801498006183,
            "dutiful": -0.8576221321911748,
            "cautious": 3.1400704207371897,
            "organized": 0.3964920512391892,
            "generous": -2.412329013592946,
            "trusting": 0.5175016935584402,
            "cooperative": 6.531792217064605,
            "empathetic": -1.7163709851267346,
            "genuine": -1.9157421208886782,
            "humble": -1.5581634753525713,
            "impulsive": 1.807929969767945,
            "stressed": 5.913500034660868,
            "anxious": 6.5233341916342695,
            "aggressive": 3.00852242266157,
            "melancholy": -0.07201444889350306,
            "self_conscious": 4.613076875213842,
            "thinking_style": -0.10541620572388322,
            "power_driven": 6.400726161684246,
            "independent": -3.5489759060702686,
            "cold": -0.8139153202343067,
            "insecure": 1.0190424274873737,
            "adjustment": -1.552083492178675,
            "happiness": 5.501863538373314,
            "persuasive": 1.574381187672368,
            "social_skills": 2.3736335108962816,
            "type_a": 8.039720266149347,
            "depression": 0.8019659243002594,
            "workhorse": -0.9618250606680472,
            "family_oriented": 2.0430863840221054,
            "reward_bias": 1.0597303299999998,
            "friend_focus": 0.17126953,
            "body_focus": 0.4174695,
            "health_oriented": 0.34253907,
            "sexual_focus": 0.032113037999999997,
            "food_focus": 2.5,
            "leisure_oriented": 1.3808605999999999,
            "money_oriented": 0.40676515,
            "religion_oriented": 0.096339115,
            "work_oriented": 2.2479126,
            "netspeak_focus": 0.42817383
        },
        "warnings": {}
    },
    "liwc_scores": {
        "wc": 9342,
        "analytic": 64.30836,
        "clout": 64.616745,
        "authentic": 47.158356,
        "tone": 90.728,
        "wps": 18.46245,
        "sixLtr": 0.24491544,
        "dic": 0.77884823,
        "categories": {
            "function": 0.44508672,
            "pronoun": 0.13294798,
            "ppron": 0.08734746,
            "i": 0.045279384,
            "we": 0.0074930424,
            "you": 0.0253693,
            "shehe": 0.00278313,
            "they": 0.0064226077,
            "ipron": 0.045600515,
            "article": 0.048062515,
            "prep": 0.119674586,
            "auxverb": 0.06101477,
            "adverb": 0.048062515,
            "conj": 0.0694712,
            "negate": 0.009955042,
            "verb": 0.1253479,
            "adj": 0.04977521,
            "compare": 0.017233998,
            "interrog": 0.01637765,
            "number": 0.015521302,
            "quant": 0.01637765,
            "affect": 0.06240634,
            "posemo": 0.04988225,
            "negemo": 0.010383216,
            "anx": 0.0036394775,
            "anger": 0.0021408692,
            "sad": 0.0021408692,
            "social": 0.08531364,
            "family": 0.0010704346,
            "friend": 0.0017126953,
            "female": 0.0033183473,
            "male": 0.00096339115,
            "cogproc": 0.116249196,
            "insight": 0.029758083,
            "cause": 0.023228431,
            "discrep": 0.013808606,
            "tentat": 0.023656605,
            "certain": 0.018090345,
            "differ": 0.024619997,
            "percept": 0.045600515,
            "see": 0.029436952,
            "hear": 0.005138086,
            "feel": 0.007600086,
            "bio": 0.03714408,
            "body": 0.004174695,
            "health": 0.0034253907,
            "sexual": 0.00032113038,