{
    "db_id": 4936,
    "content_handle": "receptiviti_web_ref_id_2e3edad7-0ac2-486d-993a-2af73439c100",
    "content_source": "4",
    "content_date": "2020-07-20T11:04:55.731242",
    "content_tags": [],
    "user_id": 283,
    "user": {
        "name": "Jana Germies",
        "email": "Jana.Germies@ruhr-uni-bochum.de",
        "first_name": "Jana",
        "last_name": "Germies",
        "company_name": "Ruhr-Universität Bochum, Germany",
        "job_title": null,
        "has_twitter_api_access": false,
        "is_on_trial": false,
        "status": "active",
        "rate_limit": "50/month"
    },
    "language": "english",
    "organa_scores": {},
    "word_count": 10070,
    "receptiviti_scores": {
        "percentiles": {
            "openness": 74.68318603548794,
            "conscientiousness": 45.993592504570316,
            "extraversion": 76.99483704806151,
            "agreeableness": 45.85981374614248,
            "neuroticism": 58.24748707964724,
            "artistic": 85.605708552974,
            "adventurous": 86.05036520950073,
            "intellectual": 28.976447902131092,
            "liberal": 51.41799507175855,
            "imaginative": 48.20324190523791,
            "emotionally_aware": 43.920977661714865,
            "sociable": 43.91744884756064,
            "friendly": 51.523315354212144,
            "assertive": 41.592193922572136,
            "active": 75.62357793498074,
            "energetic": 77.26015371839023,
            "cheerful": 77.61815383410728,
            "self_assured": 41.88140799092771,
            "disciplined": 36.25098596339926,
            "ambitious": 50.42533404674769,
            "dutiful": 56.594380807223835,
            "cautious": 34.67339120383477,
            "organized": 54.08531131451637,
            "generous": 43.59895478785817,
            "trusting": 56.801210434107475,
            "cooperative": 62.53717632279204,
            "empathetic": 44.540777956083794,
            "genuine": 59.12545139400658,
            "humble": 24.129581022240885,
            "impulsive": 69.01516761068616,
            "stressed": 33.19734471404078,
            "anxious": 90.61695948196935,
            "aggressive": 41.26024776452699,
            "melancholy": 36.50897695539121,
            "self_conscious": 55.111454082852696,
            "thinking_style": 94.29090662044376,
            "power_driven": 50.05345879258722,
            "independent": 94.36424448604298,
            "cold": 47.66005677113458,
            "insecure": 16.53886413228971,
            "adjustment": 7.2356186360078585,
            "happiness": 62.32439307341266,
            "persuasive": 78.62269258699192,
            "social_skills": 60.10954823456468,
            "type_a": 3.621056814554561,
            "depression": 11.067131369098817,
            "workhorse": 36.24226392974042,
            "family_oriented": 30.20788306871536,
            "reward_bias": 82.908710251554,
            "friend_focus": 79.54518678324938,
            "body_focus": 99,
            "health_oriented": 48.97741736463967,
            "sexual_focus": 48.38246490185835,
            "food_focus": 99,
            "leisure_oriented": 80.73668487183829,
            "money_oriented": 55.90158375284933,
            "religion_oriented": 36.65818106133464,
            "work_oriented": 40.43551599339778,
            "netspeak_focus": 65.17854732849429
        },
        "raw_scores": {
            "openness": 1.4560530652321593,
            "conscientiousness": 0.3908721682891909,
            "extraversion": 1.383772992034274,
            "agreeableness": -4.365413244852659,
            "neuroticism": 1.1999892936976972,
            "artistic": 4.483538909689183,
            "adventurous": 3.4647438524502108,
            "intellectual": 7.233759846479406,
            "liberal": 0.2852321157300083,
            "imaginative": -0.9021677393623656,
            "emotionally_aware": 1.2644726144053435,
            "sociable": 2.822401077952429,
            "friendly": 2.6153316364371957,
            "assertive": 1.5626179688741,
            "active": -0.5681720712985394,
            "energetic": 2.3263963492024824,
            "cheerful": 2.9507180995612443,
            "self_assured": 1.0819471595674517,
            "disciplined": 0.9268962411179544,
            "ambitious": 4.1330071653148055,
            "dutiful": -1.668270044218516,
            "cautious": 1.1552192952371745,
            "organized": 0.20707214498268334,
            "generous": -2.750562056180914,
            "trusting": 0.43605001091277895,
            "cooperative": 4.9103846451504545,
            "empathetic": -1.7791801915813614,
            "genuine": -0.8959078037408512,
            "humble": -2.4505605137954,
            "impulsive": 3.1667254930254405,
            "stressed": 3.6811246109191265,
            "anxious": 5.914823585320294,
            "aggressive": 2.410863773949229,
            "melancholy": -0.44633043465621136,
            "self_conscious": 2.1644546523984243,
            "thinking_style": 0.6155969076706438,
            "power_driven": 5.464981046947276,
            "independent": -1.976610999010198,
            "cold": -1.1302522617980193,
            "insecure": -0.8465625218341707,
            "adjustment": -1.7560581584239139,
            "happiness": 5.948245432228819,
            "persuasive": 0.7099853050700914,
            "social_skills": 1.7574316045823066,
            "type_a": 4.606755919543529,
            "depression": -0.9253465514965413,
            "workhorse": -3.3675091474653374,
            "family_oriented": 2.52641330140427,
            "reward_bias": 2.333664323,
            "friend_focus": 0.41708043,
            "body_focus": 1.1122144999999999,
            "health_oriented": 0.32770605999999997,
            "sexual_focus": 0.019860973,
            "food_focus": 2.5,
            "leisure_oriented": 1.509434,
            "money_oriented": 0.5958292,
            "religion_oriented": 0.009930487,
            "work_oriented": 0.73485603,
            "netspeak_focus": 1.2115193499999999
        },
        "warnings": {}
    },
    "liwc_scores": {
        "wc": 10070,
        "analytic": 82.49803,
        "clout": 48.053623,
        "authentic": 47.305527,
        "tone": 89.62943,
        "wps": 27.069893,
        "sixLtr": 0.17100298,
        "dic": 0.7438927,
        "categories": {
            "function": 0.4290963,
            "pronoun": 0.10724925,
            "ppron": 0.067428,
            "i": 0.040019862,
            "we": 0.003574975,
            "you": 0.020059584,
            "shehe": 0.00039721947,
            "they": 0.0033763654,
            "ipron": 0.039622642,
            "article": 0.056603774,
            "prep": 0.13733862,
            "auxverb": 0.05372393,
            "adverb": 0.03694141,
            "conj": 0.06295928,
            "negate": 0.007249255,
            "verb": 0.10854022,
            "adj": 0.057894737,
            "compare": 0.014001986,
            "interrog": 0.0060575968,
            "number": 0.013207547,
            "quant": 0.020059584,
            "affect": 0.05004965,
            "posemo": 0.042999007,
            "negemo": 0.0047666337,
            "anx": 0.0009930487,
            "anger": 0.00079443894,
            "sad": 0.00089374377,
            "social": 0.048659384,
            "family": 0.0010923535,
            "friend": 0.0041708043,
            "female": 0.0009930487,
            "male": 0.0005958292,
            "cogproc": 0.09652433,
            "insight": 0.01896723,
            "cause": 0.01896723,
            "discrep": 0.009235352,
            "tentat": 0.028401192,
            "certain": 0.012214499,
            "differ": 0.02919563,
            "percept": 0.035749752,
            "see": 0.014101291,
            "hear": 0.001489573,
            "feel": 0.005759682,
            "bio": 0.072889775,
            "body": 0.011122145,
            "health": 0.0032770606,