{
    "db_id": 4931,
    "content_handle": "receptiviti_web_ref_id_37941efa-ca30-42d1-be7b-a4d4d2de396c",
    "content_source": "4",
    "content_date": "2020-07-20T10:56:20.270346",
    "content_tags": [],
    "user_id": 283,
    "user": {
        "name": "Jana Germies",
        "email": "Jana.Germies@ruhr-uni-bochum.de",
        "first_name": "Jana",
        "last_name": "Germies",
        "company_name": "Ruhr-Universität Bochum, Germany",
        "job_title": null,
        "has_twitter_api_access": false,
        "is_on_trial": false,
        "status": "active",
        "rate_limit": "50/month"
    },
    "language": "english",
    "organa_scores": {},
    "word_count": 7263,
    "receptiviti_scores": {
        "percentiles": {
            "openness": 63.348077949613,
            "conscientiousness": 61.93153299717683,
            "extraversion": 51.03727250889055,
            "agreeableness": 38.00549607770717,
            "neuroticism": 85.40458692333934,
            "artistic": 91.49584653266564,
            "adventurous": 67.55575891510426,
            "intellectual": 34.13202280627121,
            "liberal": 43.168249894767634,
            "imaginative": 41.58154809048065,
            "emotionally_aware": 46.8224387502445,
            "sociable": 56.91678807726667,
            "friendly": 41.93453327741077,
            "assertive": 49.0300837758877,
            "active": 51.05721477749778,
            "energetic": 50.39293385864778,
            "cheerful": 52.705492552790545,
            "self_assured": 41.676230097368425,
            "disciplined": 35.580165097189756,
            "ambitious": 43.46221792738923,
            "dutiful": 70.84227993988584,
            "cautious": 62.64562594178237,
            "organized": 63.80776901231446,
            "generous": 51.314543339792266,
            "trusting": 56.95247134817756,
            "cooperative": 73.09648996540545,
            "empathetic": 44.21242541771474,
            "genuine": 20.247795255856882,
            "humble": 42.86717387112284,
            "impulsive": 43.72170046988145,
            "stressed": 78.85394050443689,
            "anxious": 98.24717853742074,
            "aggressive": 31.328307602508847,
            "melancholy": 76.82464263369185,
            "self_conscious": 83.36137930312789,
            "thinking_style": 86.5144793319611,
            "power_driven": 54.12161277686325,
            "independent": 44.660605875063894,
            "cold": 13.662790397046663,
            "insecure": 45.390742878593116,
            "adjustment": 39.526223506564236,
            "happiness": 31.623729127613473,
            "persuasive": 93.06193871215036,
            "social_skills": 69.03753084918516,
            "type_a": 39.06691850250254,
            "depression": 63.47431989926729,
            "workhorse": 56.164208324896926,
            "family_oriented": 35.668100783763855,
            "reward_bias": 49.16664166666666,
            "friend_focus": 54.16466655467923,
            "body_focus": 90.00596463868021,
            "health_oriented": 68.43865678952027,
            "sexual_focus": 45.35300545701865,
            "food_focus": 62.268675218743226,
            "leisure_oriented": 96.89273277769352,
            "money_oriented": 70.2180794606608,
            "religion_oriented": 82.99127645591538,
            "work_oriented": 55.9842254640476,
            "netspeak_focus": 50.066744166161826
        },
        "raw_scores": {
            "openness": 1.2004660835960923,
            "conscientiousness": 0.8064546071111504,
            "extraversion": 0.7292880325968771,
            "agreeableness": -4.838547172165597,
            "neuroticism": 1.7650471595918416,
            "artistic": 5.038826556833483,
            "adventurous": 2.330282462124964,
            "intellectual": 7.647363307896844,
            "liberal": -0.09158964968973193,
            "imaginative": -1.1174573699019248,
            "emotionally_aware": 1.3939278611786043,
            "sociable": 3.3701883286535734,
            "friendly": 2.185855194232788,
            "assertive": 1.835809643730443,
            "active": -1.9992009440251786,
            "energetic": 0.8798049605773706,
            "cheerful": 1.2186524852956735,
            "self_assured": 1.0722399607514304,
            "disciplined": 0.88981974110302,
            "ambitious": 3.635827939537071,
            "dutiful": -0.7360998548811492,
            "cautious": 2.986907771921854,
            "organized": 0.6608513176086821,
            "generous": -2.4819972702308366,
            "trusting": 0.44273320969436636,
            "cooperative": 5.907136700400594,
            "empathetic": -1.7879258860672615,
            "genuine": -2.1344962587723257,
            "humble": -1.4408523506797015,
            "impulsive": 1.8422402527962831,
            "stressed": 7.12522391160379,
            "anxious": 7.969498556662288,
            "aggressive": 1.547016377054601,
            "melancholy": 1.762805921320623,
            "self_conscious": 3.7222552688161534,
            "thinking_style": 0.02682023875016959,
            "power_driven": 5.633288048245013,
            "independent": -5.1920832207813925,
            "cold": -2.765621859017441,
            "insecure": 0.5659787101768011,
            "adjustment": 0.5748877071758212,
            "happiness": 4.298688913223355,
            "persuasive": 2.3027485545298796,
            "social_skills": 2.012382763012484,
            "type_a": 7.182153138881026,
            "depression": 1.3919231650890436,
            "workhorse": -2.277368697328668,
            "family_oriented": 2.7766790835224877,
            "reward_bias": 1.30799934,
            "friend_focus": 0.19275781,
            "body_focus": 0.57827346,
            "health_oriented": 0.59204185,
            "sexual_focus": 0.013768415,
            "food_focus": 0.5231998,
            "leisure_oriented": 2.5,
            "money_oriented": 0.9087154,
            "religion_oriented": 0.33044196,
            "work_oriented": 1.2942310000000001,
            "netspeak_focus": 0.7847995999999999
        },
        "warnings": {}
    },
    "liwc_scores": {
        "wc": 7263,
        "analytic": 76.32901,
        "clout": 62.738316,
        "authentic": 59.03783,
        "tone": 90.625145,
        "wps": 21.942598,
        "sixLtr": 0.22208454,
        "dic": 0.7288999,
        "categories": {
            "function": 0.41029876,
            "pronoun": 0.10904585,
            "ppron": 0.07545091,
            "i": 0.03717472,
            "we": 0.012116206,
            "you": 0.020652622,
            "shehe": 0.0012391574,
            "they": 0.0042682085,
            "ipron": 0.03318188,
            "article": 0.050667766,
            "prep": 0.118408374,
            "auxverb": 0.061269447,
            "adverb": 0.050943136,
            "conj": 0.04116756,
            "negate": 0.0112901,
            "verb": 0.12212584,
            "adj": 0.05397219,
            "compare": 0.022167148,
            "interrog": 0.009913259,
            "number": 0.03084125,
            "quant": 0.019688834,
            "affect": 0.06195787,
            "posemo": 0.049841665,
            "negemo": 0.010463996,
            "anx": 0.002615999,
            "anger": 0.0005507366,
            "sad": 0.004818945,
            "social": 0.06966818,
            "family": 0.0033044196,
            "friend": 0.0019275781,
            "female": 0.0015145257,
            "male": 0.0019275781,
            "cogproc": 0.08123365,
            "insight": 0.017485887,
            "cause": 0.010326311,
            "discrep": 0.01060168,
            "tentat": 0.017348204,
            "certain": 0.016384413,
            "differ": 0.02120336,
            "percept": 0.026435357,
            "see": 0.01294231,
            "hear": 0.0057827346,
            "feel": 0.006608839,
            "bio": 0.021616412,
            "body": 0.0057827346,
            "health": 0.0059204185,