{
    "db_id": 4947,
    "content_handle": "receptiviti_web_ref_id_18eea981-46b7-4353-8d4c-dfd4c8d6cee3",
    "content_source": "4",
    "content_date": "2020-07-20T11:37:48.946944",
    "content_tags": [],
    "user_id": 283,
    "user": {
        "name": "Jana Germies",
        "email": "Jana.Germies@ruhr-uni-bochum.de",
        "first_name": "Jana",
        "last_name": "Germies",
        "company_name": "Ruhr-Universität Bochum, Germany",
        "job_title": null,
        "has_twitter_api_access": false,
        "is_on_trial": false,
        "status": "active",
        "rate_limit": "50/month"
    },
    "language": "english",
    "organa_scores": {},
    "word_count": 9656,
    "receptiviti_scores": {
        "percentiles": {
            "openness": 47.410252931954375,
            "conscientiousness": 70.83020610806886,
            "extraversion": 71.63897254929935,
            "agreeableness": 43.66494447605352,
            "neuroticism": 77.53418823696754,
            "artistic": 85.52462404581563,
            "adventurous": 65.62040498795915,
            "intellectual": 41.97551028340951,
            "liberal": 30.17933727512642,
            "imaginative": 33.442887927348245,
            "emotionally_aware": 33.37197234732196,
            "sociable": 74.2194075874534,
            "friendly": 60.1752461443745,
            "assertive": 37.12735898962764,
            "active": 71.68987576471572,
            "energetic": 71.39620929193755,
            "cheerful": 56.34223257899272,
            "self_assured": 24.78530883582065,
            "disciplined": 58.11932685952329,
            "ambitious": 64.73763398962134,
            "dutiful": 79.2688029985673,
            "cautious": 51.65544176468725,
            "organized": 70.35224704619557,
            "generous": 45.802736150040644,
            "trusting": 60.238288873993824,
            "cooperative": 91.82062067078891,
            "empathetic": 41.20600683173533,
            "genuine": 36.094083242389466,
            "humble": 39.91989194846494,
            "impulsive": 54.525188309838114,
            "stressed": 69.08401178741107,
            "anxious": 96.47899107671064,
            "aggressive": 41.76171246425569,
            "melancholy": 37.84202214826412,
            "self_conscious": 90.51978304356952,
            "thinking_style": 82.55030734547061,
            "power_driven": 54.117549261892684,
            "independent": 51.62403505079278,
            "cold": 6.607196308592688,
            "insecure": 43.37054085114173,
            "adjustment": 31.87736025925843,
            "happiness": 76.59701559794027,
            "persuasive": 94.89877055226457,
            "social_skills": 75.14092595770832,
            "type_a": 75.64786652726681,
            "depression": 39.53204380650425,
            "workhorse": 63.50636090836341,
            "family_oriented": 74.03078238794531,
            "reward_bias": 48.65651287878788,
            "friend_focus": 82.03672519308991,
            "body_focus": 94.80988151970936,
            "health_oriented": 78.64864967697088,
            "sexual_focus": 43.6559716619671,
            "food_focus": 77.4446555674157,
            "leisure_oriented": 81.94267154224916,
            "money_oriented": 57.142731699274265,
            "religion_oriented": 69.05040867217978,
            "work_oriented": 66.53950385850055,
            "netspeak_focus": 39.005057058968326
        },
        "raw_scores": {
            "openness": 0.8794931250007416,
            "conscientiousness": 1.0587137062266665,
            "extraversion": 1.2307682362319872,
            "agreeableness": -4.496461348373791,
            "neuroticism": 1.5664112351228625,
            "artistic": 4.4771499431945685,
            "adventurous": 2.232882886312036,
            "intellectual": 8.233295324247752,
            "liberal": -0.72286015487882,
            "imaginative": -1.39268146114523,
            "emotionally_aware": 0.7775239420860565,
            "sociable": 4.167421434428201,
            "friendly": 3.0051767364161694,
            "assertive": 1.3944310514305518,
            "active": -0.8259799618158938,
            "energetic": 1.9681634772084742,
            "cheerful": 1.4488023474053295,
            "self_assured": 0.21617756330817794,
            "disciplined": 2.082246842607435,
            "ambitious": 5.176002074455912,
            "dutiful": -0.08491070120089861,
            "cautious": 2.2681807722021907,
            "organized": 0.9887462196082683,
            "generous": -2.6731363995351707,
            "trusting": 0.591867101967563,
            "cooperative": 8.522261661505214,
            "empathetic": -1.869913396289666,
            "genuine": -1.5787276872308063,
            "humble": -1.5870306860452243,
            "impulsive": 2.391990237334426,
            "stressed": 6.281469460183449,
            "anxious": 7.181331929839883,
            "aggressive": 2.453273500106992,
            "melancholy": -0.37357676627424286,
            "self_conscious": 4.360856698006556,
            "thinking_style": -0.17934237067835468,
            "power_driven": 5.6331134173807005,
            "independent": -4.865198164004247,
            "cold": -3.4145886622865973,
            "insecure": 0.48205154658831806,
            "adjustment": 0.17248942219359586,
            "happiness": 6.805910553672084,
            "persuasive": 2.6617197339140257,
            "social_skills": 2.204184679593526,
            "type_a": 8.825791353523462,
            "depression": 0.49108337939634517,
            "workhorse": -1.8685492598388682,
            "family_oriented": 4.449744290413534,
            "reward_bias": 1.2945319400000002,
            "friend_focus": 0.44531897000000004,
            "body_focus": 0.68351286,
            "health_oriented": 0.75600664,
            "sexual_focus": 0.0103562554,
            "food_focus": 0.8802817,
            "leisure_oriented": 1.5534382,
            "money_oriented": 0.6213753,
            "religion_oriented": 0.21748135,
            "work_oriented": 1.6880697,
            "netspeak_focus": 0.47638775000000005
        },
        "warnings": {}
    },
    "liwc_scores": {
        "wc": 9656,
        "analytic": 65.82252,
        "clout": 65.891556,
        "authentic": 64.053,
        "tone": 93.68344,
        "wps": 17.588343,
        "sixLtr": 0.21665286,
        "dic": 0.8025062,
        "categories": {
            "function": 0.46737778,
            "pronoun": 0.14674814,
            "ppron": 0.09600248,
            "i": 0.050538525,
            "we": 0.018019885,
            "you": 0.020816073,
            "shehe": 0.0031068765,
            "they": 0.0035211267,
            "ipron": 0.05074565,
            "article": 0.048156586,
            "prep": 0.13349213,
            "auxverb": 0.07104391,
            "adverb": 0.0461889,
            "conj": 0.05488815,
            "negate": 0.010770505,
            "verb": 0.14892295,
            "adj": 0.048053022,
            "compare": 0.019262634,
            "interrog": 0.012841756,
            "number": 0.014084507,
            "quant": 0.027340515,
            "affect": 0.058305718,
            "posemo": 0.050642088,
            "negemo": 0.0070422534,
            "anx": 0.0021748135,
            "anger": 0.0012427507,
            "sad": 0.0017605633,
            "social": 0.08896023,
            "family": 0.0045567523,
            "friend": 0.0044531897,
            "female": 0.0054888153,
            "male": 0.0015534383,
            "cogproc": 0.10739437,
            "insight": 0.025372826,
            "cause": 0.018434133,
            "discrep": 0.012013256,
            "tentat": 0.022990886,
            "certain": 0.016052196,
            "differ": 0.024751449,
            "percept": 0.027444076,
            "see": 0.013566694,
            "hear": 0.005074565,
            "feel": 0.0066280034,
            "bio": 0.027340515,
            "body": 0.0068351286,