{
    "db_id": 4956,
    "content_handle": "receptiviti_web_ref_id_5ebbda1e-12dd-48fe-9554-77cbfdf19dca",
    "content_source": "4",
    "content_date": "2020-07-20T11:49:55.078122",
    "content_tags": [],
    "user_id": 283,
    "user": {
        "name": "Jana Germies",
        "email": "Jana.Germies@ruhr-uni-bochum.de",
        "first_name": "Jana",
        "last_name": "Germies",
        "company_name": "Ruhr-Universität Bochum, Germany",
        "job_title": null,
        "has_twitter_api_access": false,
        "is_on_trial": false,
        "status": "active",
        "rate_limit": "50/month"
    },
    "language": "english",
    "organa_scores": {},
    "word_count": 9613,
    "receptiviti_scores": {
        "percentiles": {
            "openness": 46.27790486862943,
            "conscientiousness": 60.26555657268846,
            "extraversion": 67.11527505410622,
            "agreeableness": 28.83227491520947,
            "neuroticism": 90.10540237162078,
            "artistic": 80.2490338364659,
            "adventurous": 41.958411783635874,
            "intellectual": 46.12019607365058,
            "liberal": 48.18528048293591,
            "imaginative": 32.545895780513554,
            "emotionally_aware": 61.99081571206865,
            "sociable": 71.2866216058419,
            "friendly": 52.3226015816733,
            "assertive": 39.52791778289557,
            "active": 80.87482730896409,
            "energetic": 50.48584532855794,
            "cheerful": 48.368399629608106,
            "self_assured": 48.5000002918564,
            "disciplined": 48.05201888347722,
            "ambitious": 58.9002642872753,
            "dutiful": 52.940345484928606,
            "cautious": 76.1171208443848,
            "organized": 52.034153287797025,
            "generous": 45.2002504106988,
            "trusting": 47.9126526746487,
            "cooperative": 74.53131279221614,
            "empathetic": 45.53838680945993,
            "genuine": 10.233733158461396,
            "humble": 48.54781272811996,
            "impulsive": 47.64156334271836,
            "stressed": 81.62184152669901,
            "anxious": 95.12379856786423,
            "aggressive": 56.55063520500012,
            "melancholy": 58.78864594348553,
            "self_conscious": 97.87664570477762,
            "thinking_style": 54.28861557458009,
            "power_driven": 38.586188281104924,
            "independent": 20.20879501597691,
            "cold": 55.037114583693835,
            "insecure": 82.00837771806412,
            "adjustment": 2.6563927269026446,
            "happiness": 39.62262694107339,
            "persuasive": 84.86777507398787,
            "social_skills": 54.893462451214255,
            "type_a": 85.72218232315612,
            "depression": 78.99777085292962,
            "workhorse": 65.34121774963171,
            "family_oriented": 25.047641505327654,
            "reward_bias": 46.51162651515151,
            "friend_focus": 67.51862356683179,
            "body_focus": 99,
            "health_oriented": 97.77368805199097,
            "sexual_focus": 54.06992514273166,
            "food_focus": 65.02278623772648,
            "leisure_oriented": 73.79181639571607,
            "money_oriented": 49.20041555236703,
            "religion_oriented": 99,
            "work_oriented": 46.262813919707604,
            "netspeak_focus": 28.424535503319195
        },
        "raw_scores": {
            "openness": 0.8571016299499392,
            "conscientiousness": 0.7618296226627853,
            "extraversion": 1.1123918646904014,
            "agreeableness": -5.433866349471087,
            "neuroticism": 1.9217354343067412,
            "artistic": 4.104457834605027,
            "adventurous": 1.1381038921480484,
            "intellectual": 8.53406899509599,
            "liberal": 0.13828462911251593,
            "imaginative": -1.4248744913552842,
            "emotionally_aware": 2.0702820314530457,
            "sociable": 4.019657175321804,
            "friendly": 2.650825420047129,
            "assertive": 1.486223268567004,
            "active": -0.18327825665450415,
            "energetic": 0.8843594436677789,
            "cheerful": 0.947167057684884,
            "self_assured": 1.3868918007769782,
            "disciplined": 1.5554007894651316,
            "ambitious": 4.7429124173232555,
            "dutiful": -1.8932942375955575,
            "cautious": 3.9777020294160295,
            "organized": 0.11413144068828274,
            "generous": -2.69483413538622,
            "trusting": 0.041557311287172105,
            "cooperative": 6.053681211581833,
            "empathetic": -1.7520352060290652,
            "genuine": -2.642011300638535,
            "humble": -1.1641706328989705,
            "impulsive": 2.0426116900795543,
            "stressed": 7.403911578249159,
            "anxious": 6.7842687635595285,
            "aggressive": 3.6664265347036444,
            "melancholy": 0.7161958505754431,
            "self_conscious": 5.69662711723368,
            "thinking_style": -1.2014475619101115,
            "power_driven": 4.983830045133111,
            "independent": -6.49898046938616,
            "cold": -0.8378347575378706,
            "insecure": 2.266373779426422,
            "adjustment": -2.6954488018049503,
            "happiness": 4.747826041574185,
            "persuasive": 1.259514216996948,
            "social_skills": 1.6172541350842702,
            "type_a": 9.456609253572108,
            "depression": 2.074155980901419,
            "workhorse": -1.7630480967546398,
            "family_oriented": 2.270974247430835,
            "reward_bias": 1.23790694,
            "friend_focus": 0.30167482,
            "body_focus": 0.9674399,
            "health_oriented": 1.3939457,
            "sexual_focus": 0.031207739999999998,
            "food_focus": 0.58254446,
            "leisure_oriented": 1.2795174,
            "money_oriented": 0.45771350000000005,
            "religion_oriented": 0.69697285,
            "work_oriented": 0.9466346999999999,
            "netspeak_focus": 0.1560387
        },
        "warnings": {}
    },
    "liwc_scores": {
        "wc": 9613,
        "analytic": 50.198097,
        "clout": 62.647408,
        "authentic": 74.30203,
        "tone": 73.03045,
        "wps": 17.258528,
        "sixLtr": 0.18173307,
        "dic": 0.87683344,
        "categories": {
            "function": 0.55383337,
            "pronoun": 0.17455529,
            "ppron": 0.113700196,
            "i": 0.060543016,
            "we": 0.008738167,
            "you": 0.03391241,
            "shehe": 0.0043690833,
            "they": 0.006137522,
            "ipron": 0.06043899,
            "article": 0.05294913,
            "prep": 0.14334755,
            "auxverb": 0.08727764,
            "adverb": 0.057630293,
            "conj": 0.06616041,
            "negate": 0.0149797145,
            "verb": 0.17309892,
            "adj": 0.045147195,
            "compare": 0.023301778,
            "interrog": 0.02028503,
            "number": 0.011858941,
            "quant": 0.021845417,
            "affect": 0.055029646,
            "posemo": 0.03932175,
            "negemo": 0.014043483,
            "anx": 0.005305316,
            "anger": 0.0038489546,
            "sad": 0.002600645,
            "social": 0.097888276,
            "family": 0.0011442838,
            "friend": 0.0030167482,
            "female": 0.0059294705,
            "male": 0.0030167482,
            "cogproc": 0.12774368,
            "insight": 0.029647352,
            "cause": 0.020909185,
            "discrep": 0.017268283,
            "tentat": 0.025174243,
            "certain": 0.016019972,
            "differ": 0.03193592,
            "percept": 0.031519815,
            "see": 0.00915427,
            "hear": 0.0055133672,
            "feel": 0.013419328,
            "bio": 0.030271508,
            "body": 0.009674399,
            "health": 0.013939457,