{
    "db_id": 4927,
    "content_handle": "receptiviti_web_ref_id_00a118e3-f6d8-471f-9065-8014039ec40a",
    "content_source": "4",
    "content_date": "2020-07-20T10:27:45.673771",
    "content_tags": [],
    "user_id": 283,
    "user": {
        "name": "Jana Germies",
        "email": "Jana.Germies@ruhr-uni-bochum.de",
        "first_name": "Jana",
        "last_name": "Germies",
        "company_name": "Ruhr-Universität Bochum, Germany",
        "job_title": null,
        "has_twitter_api_access": false,
        "is_on_trial": false,
        "status": "active",
        "rate_limit": "50/month"
    },
    "language": "english",
    "organa_scores": {},
    "word_count": 9312,
    "receptiviti_scores": {
        "percentiles": {
            "openness": 77.73157314962278,
            "conscientiousness": 57.18536333685643,
            "extraversion": 62.10954890235117,
            "agreeableness": 59.66845875085835,
            "neuroticism": 60.90148786204987,
            "artistic": 88.79921486936863,
            "adventurous": 71.79134471133331,
            "intellectual": 46.24857289368404,
            "liberal": 72.86342313606083,
            "imaginative": 51.41318473095721,
            "emotionally_aware": 39.23973656924034,
            "sociable": 44.340760970596214,
            "friendly": 39.45684188652781,
            "assertive": 56.62550644120211,
            "active": 63.6935281018718,
            "energetic": 71.71997664280248,
            "cheerful": 51.805722716521565,
            "self_assured": 42.63572970711612,
            "disciplined": 17.520132396892805,
            "ambitious": 40.56378555251569,
            "dutiful": 70.370085023186,
            "cautious": 44.281676337353865,
            "organized": 76.00968334563173,
            "generous": 69.97558537035115,
            "trusting": 43.71994000740443,
            "cooperative": 50.940769684517555,
            "empathetic": 58.5332106095761,
            "genuine": 43.93780624162174,
            "humble": 43.19787711436612,
            "impulsive": 43.8155374264132,
            "stressed": 55.073577060673884,
            "anxious": 89.89335498252875,
            "aggressive": 41.21017653587108,
            "melancholy": 51.73648173226335,
            "self_conscious": 55.16473729538557,
            "thinking_style": 97.02888123495346,
            "power_driven": 19.501290083012485,
            "independent": 84.87977742024667,
            "cold": 68.37937158907141,
            "insecure": 29.403029689054083,
            "adjustment": 7.516778547191919,
            "happiness": 26.244508931431685,
            "persuasive": 63.41925380230936,
            "social_skills": 45.42123778748566,
            "type_a": 9.94267725640513,
            "depression": 45.84921199452892,
            "workhorse": 44.0303517166232,
            "family_oriented": 11.491130787973423,
            "reward_bias": 42.78773856351982,
            "friend_focus": 59.64605104989708,
            "body_focus": 47.91314563316548,
            "health_oriented": 46.08721894179587,
            "sexual_focus": 59.84398545336377,
            "food_focus": 99,
            "leisure_oriented": 96.89273277769352,
            "money_oriented": 75.98923154750915,
            "religion_oriented": 43.474974057478256,
            "work_oriented": 63.12224149781412,
            "netspeak_focus": 26.623817874973547
        },
        "raw_scores": {
            "openness": 1.5343305095760944,
            "conscientiousness": 0.6803535419115567,
            "extraversion": 0.988205618844795,
            "agreeableness": -3.546282292235823,
            "neuroticism": 1.245444343763351,
            "artistic": 4.759152887163375,
            "adventurous": 2.5496231618038308,
            "intellectual": 8.543206577926387,
            "liberal": 1.3279155680277486,
            "imaginative": -0.7993063252407503,
            "emotionally_aware": 1.053589510564925,
            "sociable": 2.8401301833753894,
            "friendly": 2.073203939493908,
            "assertive": 2.112671596659277,
            "active": -1.3054688762796172,
            "energetic": 1.9872086124474246,
            "cheerful": 1.162330335164859,
            "self_assured": 1.1176349753611514,
            "disciplined": -0.2817272633732144,
            "ambitious": 3.424377111515299,
            "dutiful": -0.769466110028401,
            "cautious": 1.794194653695129,
            "organized": 1.300159296245007,
            "generous": -1.8026504884103496,
            "trusting": -0.1454576906678482,
            "cooperative": 3.9149993645330974,
            "empathetic": -1.4027264052400705,
            "genuine": -1.3424671076970573,
            "humble": -1.4246158252137047,
            "impulsive": 1.8469884590989638,
            "stressed": 5.248628801840083,
            "anxious": 5.806652669220836,
            "aggressive": 2.4066291646201403,
            "melancholy": 0.3491757027094813,
            "self_conscious": 2.1669260023921963,
            "thinking_style": 0.9914336273466887,
            "power_driven": 4.041357345476279,
            "independent": -3.0162151333687772,
            "cold": -0.28321246811296286,
            "insecure": -0.13562371723974476,
            "adjustment": -1.7170857950434602,
            "happiness": 3.971546027857223,
            "persuasive": -0.33284221304013917,
            "social_skills": 1.365394456875681,
            "type_a": 5.477418967194283,
            "depression": 0.7294055185257573,
            "workhorse": -2.9341688364385874,
            "family_oriented": 1.3955817156129924,
            "reward_bias": 1.13831615,
            "friend_focus": 0.2362543,
            "body_focus": 0.17182131,
            "health_oriented": 0.28994845,
            "sexual_focus": 0.042955327,
            "food_focus": 2.5,
            "leisure_oriented": 2.5,
            "money_oriented": 1.0524054999999999,
            "religion_oriented": 0.05369416,
            "work_oriented": 1.5571305500000001,
            "netspeak_focus": 0.09664948400000001
        },
        "warnings": {}
    },
    "liwc_scores": {
        "wc": 9312,
        "analytic": 75.67788,
        "clout": 50.94502,
        "authentic": 22.206745,
        "tone": 78.34218,
        "wps": 20.785715,
        "sixLtr": 0.32431272,
        "dic": 0.6821306,
        "categories": {
            "function": 0.35330757,
            "pronoun": 0.10094502,
            "ppron": 0.05756014,
            "i": 0.035975087,
            "we": 0.0037585911,
            "you": 0.013853093,
            "shehe": 0.0022551545,
            "they": 0.0017182131,
            "ipron": 0.04338488,
            "article": 0.04220361,
            "prep": 0.097186424,
            "auxverb": 0.0524055,
            "adverb": 0.03554553,
            "conj": 0.04918385,
            "negate": 0.00891323,
            "verb": 0.105777495,
            "adj": 0.04853952,
            "compare": 0.01406787,
            "interrog": 0.008805842,
            "number": 0.020725945,
            "quant": 0.02362543,
            "affect": 0.04725086,
            "posemo": 0.03758591,
            "negemo": 0.00891323,
            "anx": 0.00096649484,
            "anger": 0.0024699313,
            "sad": 0.0017182131,
            "social": 0.049935568,
            "family": 0.00042955327,
            "friend": 0.002362543,
            "female": 0.0018256013,
            "male": 0.0017182131,
            "cogproc": 0.078608245,
            "insight": 0.01277921,
            "cause": 0.015034365,
            "discrep": 0.009772337,
            "tentat": 0.02104811,
            "certain": 0.011168385,
            "differ": 0.019866839,
            "percept": 0.03006873,
            "see": 0.01600086,
            "hear": 0.002040378,
            "feel": 0.0039733676,
            "bio": 0.0845146,
            "body": 0.0017182131,
            "health": 0.0028994845,