{
    "db_id": 4930,
    "content_handle": "receptiviti_web_ref_id_9371b383-0a38-428b-8007-5fa8da18774e",
    "content_source": "4",
    "content_date": "2020-07-20T10:54:03.720649",
    "content_tags": [],
    "user_id": 283,
    "user": {
        "name": "Jana Germies",
        "email": "Jana.Germies@ruhr-uni-bochum.de",
        "first_name": "Jana",
        "last_name": "Germies",
        "company_name": "Ruhr-Universität Bochum, Germany",
        "job_title": null,
        "has_twitter_api_access": false,
        "is_on_trial": false,
        "status": "active",
        "rate_limit": "50/month"
    },
    "language": "english",
    "organa_scores": {},
    "word_count": 9622,
    "receptiviti_scores": {
        "percentiles": {
            "openness": 53.0236161857702,
            "conscientiousness": 76.13795226619916,
            "extraversion": 73.85850390584866,
            "agreeableness": 40.21846677214883,
            "neuroticism": 68.334787952826,
            "artistic": 79.12257350933714,
            "adventurous": 63.78372693373773,
            "intellectual": 44.707034535049914,
            "liberal": 36.12083790875848,
            "imaginative": 39.44351697527074,
            "emotionally_aware": 45.66625175118757,
            "sociable": 65.9652928936869,
            "friendly": 53.916546924250035,
            "assertive": 63.724449142705,
            "active": 81.12818034240703,
            "energetic": 60.96036915959013,
            "cheerful": 46.11677275338505,
            "self_assured": 40.531652054602404,
            "disciplined": 54.71807876143017,
            "ambitious": 61.59870251568916,
            "dutiful": 74.59405776691699,
            "cautious": 62.762616311166454,
            "organized": 79.10514211049832,
            "generous": 52.811628325179726,
            "trusting": 55.23506530469138,
            "cooperative": 81.98225223218564,
            "empathetic": 48.06832403521574,
            "genuine": 18.327631907899452,
            "humble": 49.68777111113793,
            "impulsive": 39.85826252000388,
            "stressed": 70.79369355702238,
            "anxious": 90.30187621991868,
            "aggressive": 39.39623104457207,
            "melancholy": 42.682580773369835,
            "self_conscious": 84.56188904564699,
            "thinking_style": 71.63486684329209,
            "power_driven": 63.16818736219928,
            "independent": 44.90354774217958,
            "cold": 28.385979329669947,
            "insecure": 29.394408103163233,
            "adjustment": 10.706919649163536,
            "happiness": 58.77740937371874,
            "persuasive": 85.1328441947942,
            "social_skills": 85.04828368799289,
            "type_a": 50.39679959181814,
            "depression": 51.15566578776832,
            "workhorse": 47.219293197967964,
            "family_oriented": 27.33156497954759,
            "reward_bias": 47.64876893939393,
            "friend_focus": 69.8733495564938,
            "body_focus": 99,
            "health_oriented": 67.75232175307228,
            "sexual_focus": 59.14996391925707,
            "food_focus": 62.581637509129806,
            "leisure_oriented": 96.60664432137014,
            "money_oriented": 78.56166808481781,
            "religion_oriented": 73.44819002813031,
            "work_oriented": 84.07462308539698,
            "netspeak_focus": 29.378065233948544
        },
        "raw_scores": {
            "openness": 0.9904939732267728,
            "conscientiousness": 1.2261024667955094,
            "extraversion": 1.2918983113884308,
            "agreeableness": -4.703766838950853,
            "neuroticism": 1.379752986591201,
            "artistic": 4.031837465092011,
            "adventurous": 2.143513217854313,
            "intellectual": 8.43063611740474,
            "liberal": -0.42444752257346896,
            "imaginative": -1.1874284864401674,
            "emotionally_aware": 1.342455926926012,
            "sociable": 3.767468413416726,
            "friendly": 2.721607511783133,
            "assertive": 2.379833873636484,
            "active": -0.1634506167294862,
            "energetic": 1.4055818405376623,
            "cheerful": 0.8062238277061224,
            "self_assured": 1.0189409091506438,
            "disciplined": 1.9028290652681124,
            "ambitious": 4.93930849785479,
            "dutiful": -0.4607867330516351,
            "cautious": 2.9949857124179533,
            "organized": 1.4873743396104708,
            "generous": -2.430155387960098,
            "trusting": 0.36685262912350547,
            "cooperative": 6.910808711143119,
            "empathetic": -1.6841583341977262,
            "genuine": -2.2157310202252947,
            "humble": -1.1090871028585934,
            "impulsive": 1.642413046408497,
            "stressed": 6.417127263575773,
            "anxious": 5.867246719797484,
            "aggressive": 2.2564734542020837,
            "melancholy": -0.11738489533646002,
            "self_conscious": 3.813430280977376,
            "thinking_style": -0.6286672754666259,
            "power_driven": 6.018761710046845,
            "independent": -5.180743909133768,
            "cold": -1.9391303179133148,
            "insecure": -0.1360360100986311,
            "adjustment": -1.3340667904556565,
            "happiness": 5.757646724218143,
            "persuasive": 1.2859133548263082,
            "social_skills": 2.584297577761174,
            "type_a": 7.667774702744111,
            "depression": 0.9257018508580395,
            "workhorse": -2.760532508279273,
            "family_oriented": 2.3859472012345377,
            "reward_bias": 1.2679274999999999,
            "friend_focus": 0.32217833,
            "body_focus": 1.1120349,
            "health_oriented": 0.5819996,
            "sexual_focus": 0.0415714,
            "food_focus": 0.53003533,
            "leisure_oriented": 2.4631053,
            "money_oriented": 1.1224277,
            "religion_oriented": 0.2494284,
            "work_oriented": 2.5,
            "netspeak_focus": 0.1870713
        },
        "warnings": {}
    },
    "liwc_scores": {
        "wc": 9622,
        "analytic": 59.129932,
        "clout": 53.990852,
        "authentic": 66.21802,
        "tone": 89.35809,
        "wps": 16.253378,
        "sixLtr": 0.23986697,
        "dic": 0.8094991,
        "categories": {
            "function": 0.47588858,
            "pronoun": 0.13157348,
            "ppron": 0.08480565,
            "i": 0.04978175,
            "we": 0.012159634,
            "you": 0.01662856,
            "shehe": 0.0007274995,
            "they": 0.0055082105,
            "ipron": 0.046663895,
            "article": 0.04978175,
            "prep": 0.124194555,
            "auxverb": 0.075763874,
            "adverb": 0.05456246,
            "conj": 0.07160673,
            "negate": 0.0130949905,
            "verb": 0.1546456,
            "adj": 0.054458532,
            "compare": 0.023591768,
            "interrog": 0.01319892,
            "number": 0.01725213,
            "quant": 0.030970693,
            "affect": 0.054146748,
            "posemo": 0.04572854,
            "negemo": 0.0077946372,
            "anx": 0.002494284,
            "anger": 0.001039285,
            "sad": 0.0015589275,
            "social": 0.070359595,
            "family": 0.0011432135,
            "friend": 0.0032217833,
            "female": 0.00207857,
            "male": 0.001870713,
            "cogproc": 0.10517564,
            "insight": 0.021201413,
            "cause": 0.017356059,
            "discrep": 0.008522137,
            "tentat": 0.022656413,
            "certain": 0.019538557,
            "differ": 0.026086053,
            "percept": 0.026709624,
            "see": 0.008833922,
            "hear": 0.002909998,
            "feel": 0.011639992,
            "bio": 0.025774267,
            "body": 0.011120349,
            "health": 0.005819996,
            "sexual": 0.000415714,